
Thread 16 (Thread 0x76ffc0bff000 (LWP 4733) "cuda00001400006"):
#0  0x000076ffc731b4fd in __GI___poll (fds=0x5e8f4d021bc0, nfds=3, timeout=-1) at ../sysdeps/unix/sysv/linux/poll.c:29
#1  0x000076ffc0f1ce27 in ?? () from /lib/x86_64-linux-gnu/libcuda.so.1
#2  0x000076ffc100c5f7 in ?? () from /lib/x86_64-linux-gnu/libcuda.so.1
#3  0x000076ffc0f08bb3 in ?? () from /lib/x86_64-linux-gnu/libcuda.so.1
#4  0x000076ffc729caa4 in start_thread (arg=<optimized out>) at ./nptl/pthread_create.c:447
#5  0x000076ffc7329c6c in clone3 () at ../sysdeps/unix/sysv/linux/x86_64/clone3.S:78

Thread 15 (Thread 0x76ffb4dde000 (LWP 4741) "cuda-EvtHandlr"):
#0  0x000076ffc731b4fd in __GI___poll (fds=0x76ffb0000c20, nfds=11, timeout=100) at ../sysdeps/unix/sysv/linux/poll.c:29
#1  0x000076ffc0f1ce27 in ?? () from /lib/x86_64-linux-gnu/libcuda.so.1
#2  0x000076ffc100c5f7 in ?? () from /lib/x86_64-linux-gnu/libcuda.so.1
#3  0x000076ffc0f08bb3 in ?? () from /lib/x86_64-linux-gnu/libcuda.so.1
#4  0x000076ffc729caa4 in start_thread (arg=<optimized out>) at ./nptl/pthread_create.c:447
#5  0x000076ffc7329c6c in clone3 () at ../sysdeps/unix/sysv/linux/x86_64/clone3.S:78

Thread 14 (Thread 0x76ffb4148000 (LWP 4750) "benchmark_pqc"):
#0  0x000076ffc7298d71 in __futex_abstimed_wait_common64 (private=0, cancel=true, abstime=0x0, op=393, expected=0, futex_word=0x76ffc75d28a0 <global_queue+500992>) at ./nptl/futex-internal.c:57
#1  __futex_abstimed_wait_common (cancel=true, private=0, abstime=0x0, clockid=0, expected=0, futex_word=0x76ffc75d28a0 <global_queue+500992>) at ./nptl/futex-internal.c:87
#2  __GI___futex_abstimed_wait_cancelable64 (futex_word=futex_word@entry=0x76ffc75d28a0 <global_queue+500992>, expected=expected@entry=0, clockid=clockid@entry=0, abstime=abstime@entry=0x0, private=private@entry=0) at ./nptl/futex-internal.c:139
#3  0x000076ffc729b7ed in __pthread_cond_wait_common (abstime=0x0, clockid=0, mutex=0x76ffc75d2850 <global_queue+500912>, cond=0x76ffc75d2878 <global_queue+500952>) at ./nptl/pthread_cond_wait.c:503
#4  ___pthread_cond_wait (cond=0x76ffc75d2878 <global_queue+500952>, mutex=0x76ffc75d2850 <global_queue+500912>) at ./nptl/pthread_cond_wait.c:627
#5  0x000076ffc746c132 in cupqc_submit_encap_job (public_key=0x76ffb4144310 "l\023\2379\200\300\020\021\023\276\0349\220\363aÒq\221\331r\327iJ\370\222\212n\211\305H\n\002\264\261\273\020\333\003I\025\005r\243C\\\206K|p\237\3115\251\370\201\216\214\034%\363\354|\265\301=7\nR\336g\220\236\372\227\210W\243>\231\r\030\254*?\253\266OG5*\321\310\373\321\030\022\367\274\270\260\243\234\363A\234\027!U\226\0310\304\020\200\214gS\006\313䰵\372\224\177X\023ih;8\224H\254\252\202T\ttG\222:\027\005doz\030:ID^\211\341\005'\262\037", <incomplete sequence \346>, randomness=0x76ffb41442f0 ",\203\003f\337I\"\023\316\200\204\222>{\002\256t\255F\375/\257R{\376\253\246@\\M\320\344l\023\2379\200\300\020\021\023\276\0349\220\363aÒq\221\331r\327iJ\370\222\212n\211\305H\n\002\264\261\273\020\333\003I\025\005r\243C\\\206K|p\237\3115\251\370\201\216\214\034%\363\354|\265\301=7\nR\336g\220\236\372\227\210W\243>\231\r\030\254*?\253\266OG5*\321\310\373\321\030\022\367\274\270\260\243\234\363A\234\027!U\226\0310\304\020\200\214gS\006\313䰵\372\224\177X\023ih;8\224H\254\252\202T\ttG\222:\027\005doz\030:ID^\211\341\005'\262\037", <incomplete sequence \346>, ciphertext_out=0x76ff8c01ac90 "\215\277\337}U\242\226\003\345\335\v]v\003\346\263\026ٖ\210\357k\017\0232\334$\341\302\004\035\216\2235\342\377+Qw\337\332\r \177S\343\222g\227ђU>\351a1z\376U\347*}\274\351\217\v8\\\b\216P\344\236ն\035=[\001\303\303\336PD\002L\334w\234\375\271\347ѳ\224=\032\373lM\300ҹ\257\225\201\347\001\027\240\024\226\021\276\311,Њ\3379+\375\231\263\211:\034\025\265\t)T\232\3132\214m\275\272\352,O5@\342\364z\341Ha=\356Pm9\377\204\r\251-\002L\206\236_\347+\341\206\027~ؤ\374\a\217\221x?\223r'b\210\001D4ƛ\355u\025\021\270\312\023z.\341\001"..., shared_secret_out=0x76ff8c005980 "ߍ7(\377C\342\302\004$H\324k\270\rƘh\027\323a͞\260\273\316\017Z\275G\236S") at cupqc_runtime.c:224
#6  0x000076ffc787353d in ossl_ml_kem_encap_rand () from /home/ubuntu/openssl-openssl-3.5.0/libcrypto.so.3
#7  0x000076ffc7a32480 in ml_kem_encapsulate () from /home/ubuntu/openssl-openssl-3.5.0/libcrypto.so.3
#8  0x00005e8f46335575 in gpu_worker (arg=0x7fff9f60d184) at benchmark_pqc.c:40
#9  0x000076ffc729caa4 in start_thread (arg=<optimized out>) at ./nptl/pthread_create.c:447
#10 0x000076ffc7329c6c in clone3 () at ../sysdeps/unix/sysv/linux/x86_64/clone3.S:78

Thread 13 (Thread 0x76ffb40c6000 (LWP 4752) "benchmark_pqc"):
#0  0x000076ffc7298d71 in __futex_abstimed_wait_common64 (private=0, cancel=true, abstime=0x0, op=393, expected=0, futex_word=0x76ffc75c0460 <global_queue+426176>) at ./nptl/futex-internal.c:57
#1  __futex_abstimed_wait_common (cancel=true, private=0, abstime=0x0, clockid=0, expected=0, futex_word=0x76ffc75c0460 <global_queue+426176>) at ./nptl/futex-internal.c:87
#2  __GI___futex_abstimed_wait_cancelable64 (futex_word=futex_word@entry=0x76ffc75c0460 <global_queue+426176>, expected=expected@entry=0, clockid=clockid@entry=0, abstime=abstime@entry=0x0, private=private@entry=0) at ./nptl/futex-internal.c:139
#3  0x000076ffc729b7ed in __pthread_cond_wait_common (abstime=0x0, clockid=0, mutex=0x76ffc75c0410 <global_queue+426096>, cond=0x76ffc75c0438 <global_queue+426136>) at ./nptl/pthread_cond_wait.c:503
#4  ___pthread_cond_wait (cond=0x76ffc75c0438 <global_queue+426136>, mutex=0x76ffc75c0410 <global_queue+426096>) at ./nptl/pthread_cond_wait.c:627
#5  0x000076ffc746c132 in cupqc_submit_encap_job (public_key=0x76ffb40c2310 "l\023\2379\200\300\020\021\023\276\0349\220\363aÒq\221\331r\327iJ\370\222\212n\211\305H\n\002\264\261\273\020\333\003I\025\005r\243C\\\206K|p\237\3115\251\370\201\216\214\034%\363\354|\265\301=7\nR\336g\220\236\372\227\210W\243>\231\r\030\254*?\253\266OG5*\321\310\373\321\030\022\367\274\270\260\243\234\363A\234\027!U\226\0310\304\020\200\214gS\006\313䰵\372\224\177X\023ih;8\224H\254\252\202T\ttG\222:\027\005doz\030:ID^\211\341\005'\262\037", <incomplete sequence \346>, randomness=0x76ffb40c22f0 "\250>\036\016\310\v\316\310\330)\364&\334O\035\261\0361zf\315\301rN\f\221\377\340\276s$\315l\023\2379\200\300\020\021\023\276\0349\220\363aÒq\221\331r\327iJ\370\222\212n\211\305H\n\002\264\261\273\020\333\003I\025\005r\243C\\\206K|p\237\3115\251\370\201\216\214\034%\363\354|\265\301=7\nR\336g\220\236\372\227\210W\243>\231\r\030\254*?\253\266OG5*\321\310\373\321\030\022\367\274\270\260\243\234\363A\234\027!U\226\0310\304\020\200\214gS\006\313䰵\372\224\177X\023ih;8\224H\254\252\202T\ttG\222:\027\005doz\030:ID^\211\341\005'\262\037", <incomplete sequence \346>, ciphertext_out=0x76ff8400d0a0 "\237l\307kʰ\303\355C`&\235\216\376\265B\366\303K\337$\342\353\214\351\227\316\327'\254\205\"\277\205\f\022_I&N\202\v\f\277\023\251\247\251\347z\366\233\240\223\005\274\035\327ɮ\324\355$\035e-rV\245\231\202Ob\247d3\271[\344\275\355\376-\277s\231\236\252Cv\205\341\2236\267Y0N\226\23091ą\264~\336̅\026H\327\2545\t\332R^\357\325?\237\267m\366\220`+\033dF\001_\340\200W\343i\004\214\030=\037\224\211\214>o\365֗\273\177\032\211ءw\036\264\214\003\203(I\276\247ڊ\024\376QHlg\376\377\343ī\363\030|\250`\205ɺ\\\362\016?Tyl\177S\371", <incomplete sequence \364>..., shared_secret_out=0x76ff84005660 "\242w\323\337\361\022\363ܕ\036\a\2026u\352?j\"<\256\254\351m\233>\350\234z\234=\b&") at cupqc_runtime.c:224
#6  0x000076ffc787353d in ossl_ml_kem_encap_rand () from /home/ubuntu/openssl-openssl-3.5.0/libcrypto.so.3
#7  0x000076ffc7a32480 in ml_kem_encapsulate () from /home/ubuntu/openssl-openssl-3.5.0/libcrypto.so.3
#8  0x00005e8f46335575 in gpu_worker (arg=0x7fff9f60d184) at benchmark_pqc.c:40
#9  0x000076ffc729caa4 in start_thread (arg=<optimized out>) at ./nptl/pthread_create.c:447
#10 0x000076ffc7329c6c in clone3 () at ../sysdeps/unix/sysv/linux/x86_64/clone3.S:78

Thread 12 (Thread 0x76ff5ba69000 (LWP 4831) "benchmark_pqc"):
#0  0x000076ffc7298d71 in __futex_abstimed_wait_common64 (private=0, cancel=true, abstime=0x0, op=393, expected=0, futex_word=0x76ffc75e5218 <global_queue+577144>) at ./nptl/futex-internal.c:57
#1  __futex_abstimed_wait_common (cancel=true, private=0, abstime=0x0, clockid=0, expected=0, futex_word=0x76ffc75e5218 <global_queue+577144>) at ./nptl/futex-internal.c:87
#2  __GI___futex_abstimed_wait_cancelable64 (futex_word=futex_word@entry=0x76ffc75e5218 <global_queue+577144>, expected=expected@entry=0, clockid=clockid@entry=0, abstime=abstime@entry=0x0, private=private@entry=0) at ./nptl/futex-internal.c:139
#3  0x000076ffc729b7ed in __pthread_cond_wait_common (abstime=0x0, clockid=0, mutex=0x76ffc75e51c8 <global_queue+577064>, cond=0x76ffc75e51f0 <global_queue+577104>) at ./nptl/pthread_cond_wait.c:503
#4  ___pthread_cond_wait (cond=0x76ffc75e51f0 <global_queue+577104>, mutex=0x76ffc75e51c8 <global_queue+577064>) at ./nptl/pthread_cond_wait.c:627
#5  0x000076ffc746c132 in cupqc_submit_encap_job (public_key=0x76ff5ba65310 "l\023\2379\200\300\020\021\023\276\0349\220\363aÒq\221\331r\327iJ\370\222\212n\211\305H\n\002\264\261\273\020\333\003I\025\005r\243C\\\206K|p\237\3115\251\370\201\216\214\034%\363\354|\265\301=7\nR\336g\220\236\372\227\210W\243>\231\r\030\254*?\253\266OG5*\321\310\373\321\030\022\367\274\270\260\243\234\363A\234\027!U\226\0310\304\020\200\214gS\006\313䰵\372\224\177X\023ih;8\224H\254\252\202T\ttG\222:\027\005doz\030:ID^\211\341\005'\262\037", <incomplete sequence \346>, randomness=0x76ff5ba652f0 "\200\221p\262:\200\242\250\034Zf\237\364u&(\213\372|l>>\350\261۫\254L5\023\254\343l\023\2379\200\300\020\021\023\276\0349\220\363aÒq\221\331r\327iJ\370\222\212n\211\305H\n\002\264\261\273\020\333\003I\025\005r\243C\\\206K|p\237\3115\251\370\201\216\214\034%\363\354|\265\301=7\nR\336g\220\236\372\227\210W\243>\231\r\030\254*?\253\266OG5*\321\310\373\321\030\022\367\274\270\260\243\234\363A\234\027!U\226\0310\304\020\200\214gS\006\313䰵\372\224\177X\023ih;8\224H\254\252\202T\ttG\222:\027\005doz\030:ID^\211\341\005'\262\037", <incomplete sequence \346>, ciphertext_out=0x76ff880377b0 "Q3\232c\365y!\265\231\027\025\a\256\002\346\237\006\246hr\200%\017u\n\345\220İ\n#WK\036,&\222h\257VG\366\241[\304mƓ\373\230\247\256W6\325vў\024\373\356\202*}\021\346\235<\343\351\241'\b\305\034&4S<WY\344f\207\n?\362\3708Kz\317\314\346\301Wd]\371\250\363r_\t;4k4R\350\306\334}\364\266p*y`\f\362<q\243)d\032\211&\225\327,\240ޗd&\300ʂ\366\030\370\234\331(\v\005\362\320jvn\3271l\361\022;\374*)\316\314\352\3407\211\025^@D5?0\302D\243\316Od`{W\306o\022gύL\312\001f1\257\302\351\3502"..., shared_secret_out=0x76ff880257c0 "\006\234u\375\373\206\354\233o]\024kӧ\245\356>\333\327\300ͭ=\a:\214\3773\375\351", <incomplete sequence \352\201>) at cupqc_runtime.c:224
#6  0x000076ffc787353d in ossl_ml_kem_encap_rand () from /home/ubuntu/openssl-openssl-3.5.0/libcrypto.so.3
#7  0x000076ffc7a32480 in ml_kem_encapsulate () from /home/ubuntu/openssl-openssl-3.5.0/libcrypto.so.3
#8  0x00005e8f46335575 in gpu_worker (arg=0x7fff9f60d184) at benchmark_pqc.c:40
#9  0x000076ffc729caa4 in start_thread (arg=<optimized out>) at ./nptl/pthread_create.c:447
#10 0x000076ffc7329c6c in clone3 () at ../sysdeps/unix/sysv/linux/x86_64/clone3.S:78

Thread 11 (Thread 0x76ff5adb7000 (LWP 4880) "benchmark_pqc"):
#0  0x000076ffc7298d71 in __futex_abstimed_wait_common64 (private=30463, cancel=true, abstime=0x0, op=393, expected=0, futex_word=0x76ffc75ff404 <global_queue+684132>) at ./nptl/futex-internal.c:57
#1  __futex_abstimed_wait_common (cancel=true, private=30463, abstime=0x0, clockid=0, expected=0, futex_word=0x76ffc75ff404 <global_queue+684132>) at ./nptl/futex-internal.c:87
#2  __GI___futex_abstimed_wait_cancelable64 (futex_word=futex_word@entry=0x76ffc75ff404 <global_queue+684132>, expected=expected@entry=0, clockid=clockid@entry=0, abstime=abstime@entry=0x0, private=private@entry=0) at ./nptl/futex-internal.c:139
#3  0x000076ffc729b7ed in __pthread_cond_wait_common (abstime=0x0, clockid=0, mutex=0x76ffc75ff3b0 <global_queue+684048>, cond=0x76ffc75ff3d8 <global_queue+684088>) at ./nptl/pthread_cond_wait.c:503
#4  ___pthread_cond_wait (cond=0x76ffc75ff3d8 <global_queue+684088>, mutex=0x76ffc75ff3b0 <global_queue+684048>) at ./nptl/pthread_cond_wait.c:627
#5  0x000076ffc746bac6 in cupqc_batch_worker (arg=0x0) at cupqc_runtime.c:114
#6  0x000076ffc729caa4 in start_thread (arg=<optimized out>) at ./nptl/pthread_create.c:447
#7  0x000076ffc7329c6c in clone3 () at ../sysdeps/unix/sysv/linux/x86_64/clone3.S:78

Thread 10 (Thread 0x76ff59c92000 (LWP 4918) "benchmark_pqc"):
#0  0x000076ffc7298d71 in __futex_abstimed_wait_common64 (private=0, cancel=true, abstime=0x0, op=393, expected=0, futex_word=0x76ffc75d3848 <global_queue+505000>) at ./nptl/futex-internal.c:57
#1  __futex_abstimed_wait_common (cancel=true, private=0, abstime=0x0, clockid=0, expected=0, futex_word=0x76ffc75d3848 <global_queue+505000>) at ./nptl/futex-internal.c:87
#2  __GI___futex_abstimed_wait_cancelable64 (futex_word=futex_word@entry=0x76ffc75d3848 <global_queue+505000>, expected=expected@entry=0, clockid=clockid@entry=0, abstime=abstime@entry=0x0, private=private@entry=0) at ./nptl/futex-internal.c:139
#3  0x000076ffc729b7ed in __pthread_cond_wait_common (abstime=0x0, clockid=0, mutex=0x76ffc75d37f8 <global_queue+504920>, cond=0x76ffc75d3820 <global_queue+504960>) at ./nptl/pthread_cond_wait.c:503
#4  ___pthread_cond_wait (cond=0x76ffc75d3820 <global_queue+504960>, mutex=0x76ffc75d37f8 <global_queue+504920>) at ./nptl/pthread_cond_wait.c:627
#5  0x000076ffc746c132 in cupqc_submit_encap_job (public_key=0x76ff59c8e310 "l\023\2379\200\300\020\021\023\276\0349\220\363aÒq\221\331r\327iJ\370\222\212n\211\305H\n\002\264\261\273\020\333\003I\025\005r\243C\\\206K|p\237\3115\251\370\201\216\214\034%\363\354|\265\301=7\nR\336g\220\236\372\227\210W\243>\231\r\030\254*?\253\266OG5*\321\310\373\321\030\022\367\274\270\260\243\234\363A\234\027!U\226\0310\304\020\200\214gS\006\313䰵\372\224\177X\023ih;8\224H\254\252\202T\ttG\222:\027\005doz\030:ID^\211\341\005'\262\037", <incomplete sequence \346>, randomness=0x76ff59c8e2f0 "\347\252\325\302Ɇsdv\330\030.\254e\376\342\031t'^U\257\233n\023\242\347\001\265\352A\260l\023\2379\200\300\020\021\023\276\0349\220\363aÒq\221\331r\327iJ\370\222\212n\211\305H\n\002\264\261\273\020\333\003I\025\005r\243C\\\206K|p\237\3115\251\370\201\216\214\034%\363\354|\265\301=7\nR\336g\220\236\372\227\210W\243>\231\r\030\254*?\253\266OG5*\321\310\373\321\030\022\367\274\270\260\243\234\363A\234\027!U\226\0310\304\020\200\214gS\006\313䰵\372\224\177X\023ih;8\224H\254\252\202T\ttG\222:\027\005doz\030:ID^\211\341\005'\262\037", <incomplete sequence \346>, ciphertext_out=0x76ff34010ac0 "I\324yYP\354?", <incomplete sequence \334>, shared_secret_out=0x76ff34040310 "OY\025G\237u\225\320k\200\304t\347\331\362\331cp\250\204*W\260\020\224Y\354\314w\340\357", <incomplete sequence \343>) at cupqc_runtime.c:224
#6  0x000076ffc787353d in ossl_ml_kem_encap_rand () from /home/ubuntu/openssl-openssl-3.5.0/libcrypto.so.3
#7  0x000076ffc7a32480 in ml_kem_encapsulate () from /home/ubuntu/openssl-openssl-3.5.0/libcrypto.so.3
#8  0x00005e8f46335575 in gpu_worker (arg=0x7fff9f60d184) at benchmark_pqc.c:40
#9  0x000076ffc729caa4 in start_thread (arg=<optimized out>) at ./nptl/pthread_create.c:447
#10 0x000076ffc7329c6c in clone3 () at ../sysdeps/unix/sysv/linux/x86_64/clone3.S:78

Thread 9 (Thread 0x76ff59c10000 (LWP 4920) "benchmark_pqc"):
#0  0x000076ffc7298d71 in __futex_abstimed_wait_common64 (private=0, cancel=true, abstime=0x0, op=393, expected=0, futex_word=0x76ffc75cbb08 <global_queue+472936>) at ./nptl/futex-internal.c:57
#1  __futex_abstimed_wait_common (cancel=true, private=0, abstime=0x0, clockid=0, expected=0, futex_word=0x76ffc75cbb08 <global_queue+472936>) at ./nptl/futex-internal.c:87
#2  __GI___futex_abstimed_wait_cancelable64 (futex_word=futex_word@entry=0x76ffc75cbb08 <global_queue+472936>, expected=expected@entry=0, clockid=clockid@entry=0, abstime=abstime@entry=0x0, private=private@entry=0) at ./nptl/futex-internal.c:139
#3  0x000076ffc729b7ed in __pthread_cond_wait_common (abstime=0x0, clockid=0, mutex=0x76ffc75cbab8 <global_queue+472856>, cond=0x76ffc75cbae0 <global_queue+472896>) at ./nptl/pthread_cond_wait.c:503
#4  ___pthread_cond_wait (cond=0x76ffc75cbae0 <global_queue+472896>, mutex=0x76ffc75cbab8 <global_queue+472856>) at ./nptl/pthread_cond_wait.c:627
#5  0x000076ffc746c132 in cupqc_submit_encap_job (public_key=0x76ff59c0c310 "l\023\2379\200\300\020\021\023\276\0349\220\363aÒq\221\331r\327iJ\370\222\212n\211\305H\n\002\264\261\273\020\333\003I\025\005r\243C\\\206K|p\237\3115\251\370\201\216\214\034%\363\354|\265\301=7\nR\336g\220\236\372\227\210W\243>\231\r\030\254*?\253\266OG5*\321\310\373\321\030\022\367\274\270\260\243\234\363A\234\027!U\226\0310\304\020\200\214gS\006\313䰵\372\224\177X\023ih;8\224H\254\252\202T\ttG\222:\027\005doz\030:ID^\211\341\005'\262\037", <incomplete sequence \346>, randomness=0x76ff59c0c2f0 "\356T\237k\023?\021\326\306\300RӖc\3350\240I\314\344\373\353\235d@u\360lF\004|\025l\023\2379\200\300\020\021\023\276\0349\220\363aÒq\221\331r\327iJ\370\222\212n\211\305H\n\002\264\261\273\020\333\003I\025\005r\243C\\\206K|p\237\3115\251\370\201\216\214\034%\363\354|\265\301=7\nR\336g\220\236\372\227\210W\243>\231\r\030\254*?\253\266OG5*\321\310\373\321\030\022\367\274\270\260\243\234\363A\234\027!U\226\0310\304\020\200\214gS\006\313䰵\372\224\177X\023ih;8\224H\254\252\202T\ttG\222:\027\005doz\030:ID^\211\341\005'\262\037", <incomplete sequence \346>, ciphertext_out=0x76ff3002dfa0 "us?\264t\373 \247\t\020#\255\221R\356f[\340\340\226ۖ\340\315{Z\254\017S\304\006\207\363TY\253\321\f\212\336W\031\"\224\226tj\212\2003S\340\222.T0zF\004\240\005i\227kz,\304\024\020\263", shared_secret_out=0x76ff300267a0 "O\231\3700婰@\200F\232?\335z'*Y\233\327\341҉n+\034_\343\362\363N\261\225") at cupqc_runtime.c:224
#6  0x000076ffc787353d in ossl_ml_kem_encap_rand () from /home/ubuntu/openssl-openssl-3.5.0/libcrypto.so.3
#7  0x000076ffc7a32480 in ml_kem_encapsulate () from /home/ubuntu/openssl-openssl-3.5.0/libcrypto.so.3
#8  0x00005e8f46335575 in gpu_worker (arg=0x7fff9f60d184) at benchmark_pqc.c:40
#9  0x000076ffc729caa4 in start_thread (arg=<optimized out>) at ./nptl/pthread_create.c:447
#10 0x000076ffc7329c6c in clone3 () at ../sysdeps/unix/sysv/linux/x86_64/clone3.S:78

Thread 8 (Thread 0x76ff59a08000 (LWP 4928) "benchmark_pqc"):
#0  0x000076ffc7298d71 in __futex_abstimed_wait_common64 (private=0, cancel=true, abstime=0x0, op=393, expected=0, futex_word=0x76ffc75ca0f0 <global_queue+466256>) at ./nptl/futex-internal.c:57
#1  __futex_abstimed_wait_common (cancel=true, private=0, abstime=0x0, clockid=0, expected=0, futex_word=0x76ffc75ca0f0 <global_queue+466256>) at ./nptl/futex-internal.c:87
#2  __GI___futex_abstimed_wait_cancelable64 (futex_word=futex_word@entry=0x76ffc75ca0f0 <global_queue+466256>, expected=expected@entry=0, clockid=clockid@entry=0, abstime=abstime@entry=0x0, private=private@entry=0) at ./nptl/futex-internal.c:139
#3  0x000076ffc729b7ed in __pthread_cond_wait_common (abstime=0x0, clockid=0, mutex=0x76ffc75ca0a0 <global_queue+466176>, cond=0x76ffc75ca0c8 <global_queue+466216>) at ./nptl/pthread_cond_wait.c:503
#4  ___pthread_cond_wait (cond=0x76ffc75ca0c8 <global_queue+466216>, mutex=0x76ffc75ca0a0 <global_queue+466176>) at ./nptl/pthread_cond_wait.c:627
#5  0x000076ffc746c132 in cupqc_submit_encap_job (public_key=0x76ff59a04310 "l\023\2379\200\300\020\021\023\276\0349\220\363aÒq\221\331r\327iJ\370\222\212n\211\305H\n\002\264\261\273\020\333\003I\025\005r\243C\\\206K|p\237\3115\251\370\201\216\214\034%\363\354|\265\301=7\nR\336g\220\236\372\227\210W\243>\231\r\030\254*?\253\266OG5*\321\310\373\321\030\022\367\274\270\260\243\234\363A\234\027!U\226\0310\304\020\200\214gS\006\313䰵\372\224\177X\023ih;8\224H\254\252\202T\ttG\222:\027\005doz\030:ID^\211\341\005'\262\037", <incomplete sequence \346>, randomness=0x76ff59a042f0 "\t\b\263\034\223r\376د}\354\211D\aкF\020\214\337\030QZ\224;ly\264\245\274\241\335l\023\2379\200\300\020\021\023\276\0349\220\363aÒq\221\331r\327iJ\370\222\212n\211\305H\n\002\264\261\273\020\333\003I\025\005r\243C\\\206K|p\237\3115\251\370\201\216\214\034%\363\354|\265\301=7\nR\336g\220\236\372\227\210W\243>\231\r\030\254*?\253\266OG5*\321\310\373\321\030\022\367\274\270\260\243\234\363A\234\027!U\226\0310\304\020\200\214gS\006\313䰵\372\224\177X\023ih;8\224H\254\252\202T\ttG\222:\027\005doz\030:ID^\211\341\005'\262\037", <incomplete sequence \346>, ciphertext_out=0x76ff6c00ffd0 "\277j\342\370\226QD\203\024Be\377\033\217\250´Z\021\033\250[E\312e\226\t\vN\372\365ƚ\225", shared_secret_out=0x76ff6c02e5e0 "*\373\222\340\252Z(\367\247#\034\033iG^E\0212\006ȁ=\225F[\253~\300^\365<\202") at cupqc_runtime.c:224
#6  0x000076ffc787353d in ossl_ml_kem_encap_rand () from /home/ubuntu/openssl-openssl-3.5.0/libcrypto.so.3
#7  0x000076ffc7a32480 in ml_kem_encapsulate () from /home/ubuntu/openssl-openssl-3.5.0/libcrypto.so.3
#8  0x00005e8f46335575 in gpu_worker (arg=0x7fff9f60d184) at benchmark_pqc.c:40
#9  0x000076ffc729caa4 in start_thread (arg=<optimized out>) at ./nptl/pthread_create.c:447
#10 0x000076ffc7329c6c in clone3 () at ../sysdeps/unix/sysv/linux/x86_64/clone3.S:78

Thread 7 (Thread 0x76ff594f4000 (LWP 4948) "benchmark_pqc"):
#0  0x000076ffc7298d71 in __futex_abstimed_wait_common64 (private=0, cancel=true, abstime=0x0, op=393, expected=0, futex_word=0x76ffc75c1408 <global_queue+430184>) at ./nptl/futex-internal.c:57
#1  __futex_abstimed_wait_common (cancel=true, private=0, abstime=0x0, clockid=0, expected=0, futex_word=0x76ffc75c1408 <global_queue+430184>) at ./nptl/futex-internal.c:87
#2  __GI___futex_abstimed_wait_cancelable64 (futex_word=futex_word@entry=0x76ffc75c1408 <global_queue+430184>, expected=expected@entry=0, clockid=clockid@entry=0, abstime=abstime@entry=0x0, private=private@entry=0) at ./nptl/futex-internal.c:139
#3  0x000076ffc729b7ed in __pthread_cond_wait_common (abstime=0x0, clockid=0, mutex=0x76ffc75c13b8 <global_queue+430104>, cond=0x76ffc75c13e0 <global_queue+430144>) at ./nptl/pthread_cond_wait.c:503
#4  ___pthread_cond_wait (cond=0x76ffc75c13e0 <global_queue+430144>, mutex=0x76ffc75c13b8 <global_queue+430104>) at ./nptl/pthread_cond_wait.c:627
#5  0x000076ffc746c132 in cupqc_submit_encap_job (public_key=0x76ff594f0310 "l\023\2379\200\300\020\021\023\276\0349\220\363aÒq\221\331r\327iJ\370\222\212n\211\305H\n\002\264\261\273\020\333\003I\025\005r\243C\\\206K|p\237\3115\251\370\201\216\214\034%\363\354|\265\301=7\nR\336g\220\236\372\227\210W\243>\231\r\030\254*?\253\266OG5*\321\310\373\321\030\022\367\274\270\260\243\234\363A\234\027!U\226\0310\304\020\200\214gS\006\313䰵\372\224\177X\023ih;8\224H\254\252\202T\ttG\222:\027\005doz\030:ID^\211\341\005'\262\037", <incomplete sequence \346>, randomness=0x76ff594f02f0 "[܍\250\233\371\034`\270\240\247\346\200r\021HL1\373&\017}a,\271\371\004\274\244\\A\255l\023\2379\200\300\020\021\023\276\0349\220\363aÒq\221\331r\327iJ\370\222\212n\211\305H\n\002\264\261\273\020\333\003I\025\005r\243C\\\206K|p\237\3115\251\370\201\216\214\034%\363\354|\265\301=7\nR\336g\220\236\372\227\210W\243>\231\r\030\254*?\253\266OG5*\321\310\373\321\030\022\367\274\270\260\243\234\363A\234\027!U\226\0310\304\020\200\214gS\006\313䰵\372\224\177X\023ih;8\224H\254\252\202T\ttG\222:\027\005doz\030:ID^\211\341\005'\262\037", <incomplete sequence \346>, ciphertext_out=0x76ff40004560 "}\300I\\\302x|N$\177\247Xx_\237\346\n\264FW\360=~\274\257\v\263\037D\3325:H\r\251\274\273\335\375\363\020=R\355\2334\005~^\355\vUr\027\312\0234\205\212^\354\320R\324<\375\220c\356\246zg\210\222Dü\2356\263\024&\270A$\023<\2518Et5\031u\221\374E\335'\256\317\\ \006wv-\252\340$.\214\006\234\3447\031 ʮ\377\320\020\321\360E-,\372`a\345\254Ѹɫdb\fp\020t\005\035\026OA\371\312>ۓ\334\030\004\034|შo\005\314\177\300\371mŊ1n\205\nj\237o\373\331\352\036E\200\361\347\016\304\375\340#ž\346\037n\036f;!\253"..., shared_secret_out=0x76ff40015a60 "\374\"\275ƚ:Fc\332\022\266fi\271\242\361\0235\316\0252\350\315L\274\263\226ġR\262}") at cupqc_runtime.c:224
#6  0x000076ffc787353d in ossl_ml_kem_encap_rand () from /home/ubuntu/openssl-openssl-3.5.0/libcrypto.so.3
#7  0x000076ffc7a32480 in ml_kem_encapsulate () from /home/ubuntu/openssl-openssl-3.5.0/libcrypto.so.3
#8  0x00005e8f46335575 in gpu_worker (arg=0x7fff9f60d184) at benchmark_pqc.c:40
#9  0x000076ffc729caa4 in start_thread (arg=<optimized out>) at ./nptl/pthread_create.c:447
#10 0x000076ffc7329c6c in clone3 () at ../sysdeps/unix/sysv/linux/x86_64/clone3.S:78

Thread 6 (Thread 0x76ff58fe0000 (LWP 4968) "benchmark_pqc"):
#0  0x000076ffc7298d71 in __futex_abstimed_wait_common64 (private=0, cancel=true, abstime=0x0, op=393, expected=0, futex_word=0x76ffc75cef38 <global_queue+486296>) at ./nptl/futex-internal.c:57
#1  __futex_abstimed_wait_common (cancel=true, private=0, abstime=0x0, clockid=0, expected=0, futex_word=0x76ffc75cef38 <global_queue+486296>) at ./nptl/futex-internal.c:87
#2  __GI___futex_abstimed_wait_cancelable64 (futex_word=futex_word@entry=0x76ffc75cef38 <global_queue+486296>, expected=expected@entry=0, clockid=clockid@entry=0, abstime=abstime@entry=0x0, private=private@entry=0) at ./nptl/futex-internal.c:139
#3  0x000076ffc729b7ed in __pthread_cond_wait_common (abstime=0x0, clockid=0, mutex=0x76ffc75ceee8 <global_queue+486216>, cond=0x76ffc75cef10 <global_queue+486256>) at ./nptl/pthread_cond_wait.c:503
#4  ___pthread_cond_wait (cond=0x76ffc75cef10 <global_queue+486256>, mutex=0x76ffc75ceee8 <global_queue+486216>) at ./nptl/pthread_cond_wait.c:627
#5  0x000076ffc746c132 in cupqc_submit_encap_job (public_key=0x76ff58fdc310 "l\023\2379\200\300\020\021\023\276\0349\220\363aÒq\221\331r\327iJ\370\222\212n\211\305H\n\002\264\261\273\020\333\003I\025\005r\243C\\\206K|p\237\3115\251\370\201\216\214\034%\363\354|\265\301=7\nR\336g\220\236\372\227\210W\243>\231\r\030\254*?\253\266OG5*\321\310\373\321\030\022\367\274\270\260\243\234\363A\234\027!U\226\0310\304\020\200\214gS\006\313䰵\372\224\177X\023ih;8\224H\254\252\202T\ttG\222:\027\005doz\030:ID^\211\341\005'\262\037", <incomplete sequence \346>, randomness=0x76ff58fdc2f0 "\276\307\362?~D>N\003\230\252轱aԟ\254\207\326y5\340\004'V\027,b\004\236\027l\023\2379\200\300\020\021\023\276\0349\220\363aÒq\221\331r\327iJ\370\222\212n\211\305H\n\002\264\261\273\020\333\003I\025\005r\243C\\\206K|p\237\3115\251\370\201\216\214\034%\363\354|\265\301=7\nR\336g\220\236\372\227\210W\243>\231\r\030\254*?\253\266OG5*\321\310\373\321\030\022\367\274\270\260\243\234\363A\234\027!U\226\0310\304\020\200\214gS\006\313䰵\372\224\177X\023ih;8\224H\254\252\202T\ttG\222:\027\005doz\030:ID^\211\341\005'\262\037", <incomplete sequence \346>, ciphertext_out=0x76ff940123c0 "Y\352ĨI\243\356\032jT\361|\0062:j@\3506'\240I\236P\336+\210\016\331f\266\022K\225\245\310_\223,\304{\225\264R\177\204\203<h\317\r\303\305\033\250\242\224\245\364\216QcX<\344)X}\210\252_\247\316eiY\261Q9\300m\342|nq\371,}\202\200\234C].\342\241\364\330\026\231\2413\353v܈\2243\262\340\366\303`p\254vB\016'$\250\277\235b_\255\260\271=\203\213\326'髃\246\343ų?^\023\003Q\263\271\034jN\036\020xԁ\375", <incomplete sequence \365\221>, shared_secret_out=0x76ff9400bee0 "\242T\262q\211\177'r\305 \263\306\320\302\213&\273\327\317I\235\026\3441z\021IF\231\365\275g") at cupqc_runtime.c:224
#6  0x000076ffc787353d in ossl_ml_kem_encap_rand () from /home/ubuntu/openssl-openssl-3.5.0/libcrypto.so.3
#7  0x000076ffc7a32480 in ml_kem_encapsulate () from /home/ubuntu/openssl-openssl-3.5.0/libcrypto.so.3
#8  0x00005e8f46335575 in gpu_worker (arg=0x7fff9f60d184) at benchmark_pqc.c:40
#9  0x000076ffc729caa4 in start_thread (arg=<optimized out>) at ./nptl/pthread_create.c:447
#10 0x000076ffc7329c6c in clone3 () at ../sysdeps/unix/sysv/linux/x86_64/clone3.S:78

Thread 5 (Thread 0x76ff58d56000 (LWP 4978) "benchmark_pqc"):
#0  0x000076ffc7298d71 in __futex_abstimed_wait_common64 (private=0, cancel=true, abstime=0x0, op=393, expected=0, futex_word=0x76ffc75c0ed0 <global_queue+428848>) at ./nptl/futex-internal.c:57
#1  __futex_abstimed_wait_common (cancel=true, private=0, abstime=0x0, clockid=0, expected=0, futex_word=0x76ffc75c0ed0 <global_queue+428848>) at ./nptl/futex-internal.c:87
#2  __GI___futex_abstimed_wait_cancelable64 (futex_word=futex_word@entry=0x76ffc75c0ed0 <global_queue+428848>, expected=expected@entry=0, clockid=clockid@entry=0, abstime=abstime@entry=0x0, private=private@entry=0) at ./nptl/futex-internal.c:139
#3  0x000076ffc729b7ed in __pthread_cond_wait_common (abstime=0x0, clockid=0, mutex=0x76ffc75c0e80 <global_queue+428768>, cond=0x76ffc75c0ea8 <global_queue+428808>) at ./nptl/pthread_cond_wait.c:503
#4  ___pthread_cond_wait (cond=0x76ffc75c0ea8 <global_queue+428808>, mutex=0x76ffc75c0e80 <global_queue+428768>) at ./nptl/pthread_cond_wait.c:627
#5  0x000076ffc746c132 in cupqc_submit_encap_job (public_key=0x76ff58d52310 "l\023\2379\200\300\020\021\023\276\0349\220\363aÒq\221\331r\327iJ\370\222\212n\211\305H\n\002\264\261\273\020\333\003I\025\005r\243C\\\206K|p\237\3115\251\370\201\216\214\034%\363\354|\265\301=7\nR\336g\220\236\372\227\210W\243>\231\r\030\254*?\253\266OG5*\321\310\373\321\030\022\367\274\270\260\243\234\363A\234\027!U\226\0310\304\020\200\214gS\006\313䰵\372\224\177X\023ih;8\224H\254\252\202T\ttG\222:\027\005doz\030:ID^\211\341\005'\262\037", <incomplete sequence \346>, randomness=0x76ff58d522f0 "\302\033\343g\316\001\036YM\266\372\372\227\246\276\0062^A݇lL\340-6\306\355\306溉l\023\2379\200\300\020\021\023\276\0349\220\363aÒq\221\331r\327iJ\370\222\212n\211\305H\n\002\264\261\273\020\333\003I\025\005r\243C\\\206K|p\237\3115\251\370\201\216\214\034%\363\354|\265\301=7\nR\336g\220\236\372\227\210W\243>\231\r\030\254*?\253\266OG5*\321\310\373\321\030\022\367\274\270\260\243\234\363A\234\027!U\226\0310\304\020\200\214gS\006\313䰵\372\224\177X\023ih;8\224H\254\252\202T\ttG\222:\027\005doz\030:ID^\211\341\005'\262\037", <incomplete sequence \346>, ciphertext_out=0x5e8f4db39570 "C\025\005PS\227b/\207\245\300\305䦕\3770u\337U\v\345\354p\240\265\337}y\331\366\206&\253\366\374\363\340M\325N\254\257/j{\322ӹ\341\370\337\005Q\331\027\216J\265\362>\037cS\270<F\210\214\200R|>u\205\266[V\v0\224=\367\31511,\253\032]\005Y\263\006\352Q\357[\017\373\214\034\255\274\201\221P0՝\367\210\343\372d}\264_\256\n\372?\v3\331\327\0312(t\232\036\a\215\372 \267\266\236\2625i\226\232\367\213[vS\216AO1\253\017I\346\325\t\223\230m\3517\217\262W\301\266\371^\r\003Fq\364\261\255?\026Z\206\a\001Ԯ\0166\226Öld\003!h\200\206\326-"..., shared_secret_out=0x5e8f4db4aeb0 "\\te\214\246\352\232\004&\202o\201\023\270\325EE\341\226`\2061\006]\3628\272`\331\354L3") at cupqc_runtime.c:224
#6  0x000076ffc787353d in ossl_ml_kem_encap_rand () from /home/ubuntu/openssl-openssl-3.5.0/libcrypto.so.3
#7  0x000076ffc7a32480 in ml_kem_encapsulate () from /home/ubuntu/openssl-openssl-3.5.0/libcrypto.so.3
#8  0x00005e8f46335575 in gpu_worker (arg=0x7fff9f60d184) at benchmark_pqc.c:40
#9  0x000076ffc729caa4 in start_thread (arg=<optimized out>) at ./nptl/pthread_create.c:447
#10 0x000076ffc7329c6c in clone3 () at ../sysdeps/unix/sysv/linux/x86_64/clone3.S:78

Thread 4 (Thread 0x76ff58c93000 (LWP 4981) "benchmark_pqc"):
#0  0x000076ffc7298d71 in __futex_abstimed_wait_common64 (private=0, cancel=true, abstime=0x0, op=393, expected=0, futex_word=0x76ffc75bcaf8 <global_queue+411480>) at ./nptl/futex-internal.c:57
#1  __futex_abstimed_wait_common (cancel=true, private=0, abstime=0x0, clockid=0, expected=0, futex_word=0x76ffc75bcaf8 <global_queue+411480>) at ./nptl/futex-internal.c:87
#2  __GI___futex_abstimed_wait_cancelable64 (futex_word=futex_word@entry=0x76ffc75bcaf8 <global_queue+411480>, expected=expected@entry=0, clockid=clockid@entry=0, abstime=abstime@entry=0x0, private=private@entry=0) at ./nptl/futex-internal.c:139
#3  0x000076ffc729b7ed in __pthread_cond_wait_common (abstime=0x0, clockid=0, mutex=0x76ffc75bcaa8 <global_queue+411400>, cond=0x76ffc75bcad0 <global_queue+411440>) at ./nptl/pthread_cond_wait.c:503
#4  ___pthread_cond_wait (cond=0x76ffc75bcad0 <global_queue+411440>, mutex=0x76ffc75bcaa8 <global_queue+411400>) at ./nptl/pthread_cond_wait.c:627
#5  0x000076ffc746c132 in cupqc_submit_encap_job (public_key=0x76ff58c8f310 "l\023\2379\200\300\020\021\023\276\0349\220\363aÒq\221\331r\327iJ\370\222\212n\211\305H\n\002\264\261\273\020\333\003I\025\005r\243C\\\206K|p\237\3115\251\370\201\216\214\034%\363\354|\265\301=7\nR\336g\220\236\372\227\210W\243>\231\r\030\254*?\253\266OG5*\321\310\373\321\030\022\367\274\270\260\243\234\363A\234\027!U\226\0310\304\020\200\214gS\006\313䰵\372\224\177X\023ih;8\224H\254\252\202T\ttG\222:\027\005doz\030:ID^\211\341\005'\262\037", <incomplete sequence \346>, randomness=0x76ff58c8f2f0 "I\214g\2277ۗ\256", ciphertext_out=0x76ff88024d80 "\377|E>K\325\021(\374\030\217\261B\272?\207\020V\276\362ft\213\336\321ĵ\033\276b\270!\352\227c\314a\271\237\263\023\273\275\353V1\261ln\3401.\337\023\237\030a#Z@\253i\301A\204BBdX\371\230\233BU\317\317\316\344xJ\344%ļ\366\f.\n\216\222\3679U\231\274\273\271\237\340n\247\027&\336\266&\247\f\376\002\245\250`t\3373\350uɡ\217\216+̸\257Ym\232\3500\030v\275\320;\270(\217\005u\036X\215K\235\310u\357\273'&\265\334l\a[>a\202&\342\2448\2513+S:\267\231\027V\201\271\367(b\223\305T\r\230\302m\333X\005P\0266\246\311g\342o\033꤉"..., shared_secret_out=0x76ff8802a8b0 ".`\373\017\023I\342\340\016~\301Moi㯶\254\313I\230\231\005\256\320#\223\024\363VY\252") at cupqc_runtime.c:224
#6  0x000076ffc787353d in ossl_ml_kem_encap_rand () from /home/ubuntu/openssl-openssl-3.5.0/libcrypto.so.3
#7  0x000076ffc7a32480 in ml_kem_encapsulate () from /home/ubuntu/openssl-openssl-3.5.0/libcrypto.so.3
#8  0x00005e8f46335575 in gpu_worker (arg=0x7fff9f60d184) at benchmark_pqc.c:40
#9  0x000076ffc729caa4 in start_thread (arg=<optimized out>) at ./nptl/pthread_create.c:447
#10 0x000076ffc7329c6c in clone3 () at ../sysdeps/unix/sysv/linux/x86_64/clone3.S:78

Thread 3 (Thread 0x76ff58c11000 (LWP 4983) "benchmark_pqc"):
#0  0x000076ffc7298d71 in __futex_abstimed_wait_common64 (private=0, cancel=true, abstime=0x0, op=393, expected=0, futex_word=0x76ffc75b4db8 <global_queue+379416>) at ./nptl/futex-internal.c:57
#1  __futex_abstimed_wait_common (cancel=true, private=0, abstime=0x0, clockid=0, expected=0, futex_word=0x76ffc75b4db8 <global_queue+379416>) at ./nptl/futex-internal.c:87
#2  __GI___futex_abstimed_wait_cancelable64 (futex_word=futex_word@entry=0x76ffc75b4db8 <global_queue+379416>, expected=expected@entry=0, clockid=clockid@entry=0, abstime=abstime@entry=0x0, private=private@entry=0) at ./nptl/futex-internal.c:139
#3  0x000076ffc729b7ed in __pthread_cond_wait_common (abstime=0x0, clockid=0, mutex=0x76ffc75b4d68 <global_queue+379336>, cond=0x76ffc75b4d90 <global_queue+379376>) at ./nptl/pthread_cond_wait.c:503
#4  ___pthread_cond_wait (cond=0x76ffc75b4d90 <global_queue+379376>, mutex=0x76ffc75b4d68 <global_queue+379336>) at ./nptl/pthread_cond_wait.c:627
#5  0x000076ffc746c132 in cupqc_submit_encap_job (public_key=0x76ff58c0d310 "l\023\2379\200\300\020\021\023\276\0349\220\363aÒq\221\331r\327iJ\370\222\212n\211\305H\n\002\264\261\273\020\333\003I\025\005r\243C\\\206K|p\237\3115\251\370\201\216\214\034%\363\354|\265\301=7\nR\336g\220\236\372\227\210W\243>\231\r\030\254*?\253\266OG5*\321\310\373\321\030\022\367\274\270\260\243\234\363A\234\027!U\226\0310\304\020\200\214gS\006\313䰵\372\224\177X\023ih;8\224H\254\252\202T\ttG\222:\027\005doz\030:ID^\211\341\005'\262\037", <incomplete sequence \346>, randomness=0x76ff58c0d2f0 "\216\024\213\226z\313Id\202\220\365\347\300t\362\3652mЂ\377\r;\v\373k\225-\312\310(\351l\023\2379\200\300\020\021\023\276\0349\220\363aÒq\221\331r\327iJ\370\222\212n\211\305H\n\002\264\261\273\020\333\003I\025\005r\243C\\\206K|p\237\3115\251\370\201\216\214\034%\363\354|\265\301=7\nR\336g\220\236\372\227\210W\243>\231\r\030\254*?\253\266OG5*\321\310\373\321\030\022\367\274\270\260\243\234\363A\234\027!U\226\0310\304\020\200\214gS\006\313䰵\372\224\177X\023ih;8\224H\254\252\202T\ttG\222:\027\005doz\030:ID^\211\341\005'\262\037", <incomplete sequence \346>, ciphertext_out=0x76ff480184c0 "\377\033\030b`TtȐ\361\340mQS\221\213%\236\3720\320hO\"ú,@(ʅ\326\017)\026\322ɥ)s\210h\022j\303aܾ\257,\243\211\242\vl\025\206\023Ҫ]T\315hm\226\247$?\222{\314\357BC˲_:{\263\004Zע\240\275\212\316\302\021\211\363\353\273\351\273\315W,A\256\352ó\203\203\2226\224T\270T\244\257<\254\243Qc \"\034\314,\177\345\265\357\v:\311;?Q\377\336\273\251\350", <incomplete sequence \313>, shared_secret_out=0x76ff480035b0 "\344^\205\024\306cȜ\213\257;\270w\0047|\361\215\217+ϑ\237\024\346\020\373\327\210\273B\271") at cupqc_runtime.c:224
#6  0x000076ffc787353d in ossl_ml_kem_encap_rand () from /home/ubuntu/openssl-openssl-3.5.0/libcrypto.so.3
#7  0x000076ffc7a32480 in ml_kem_encapsulate () from /home/ubuntu/openssl-openssl-3.5.0/libcrypto.so.3
#8  0x00005e8f46335575 in gpu_worker (arg=0x7fff9f60d184) at benchmark_pqc.c:40
#9  0x000076ffc729caa4 in start_thread (arg=<optimized out>) at ./nptl/pthread_create.c:447
#10 0x000076ffc7329c6c in clone3 () at ../sysdeps/unix/sysv/linux/x86_64/clone3.S:78

Thread 2 (Thread 0x76ff587c0000 (LWP 5000) "benchmark_pqc"):
#0  0x000076ffc7298d71 in __futex_abstimed_wait_common64 (private=0, cancel=true, abstime=0x0, op=393, expected=0, futex_word=0x76ffc75d2dd8 <global_queue+502328>) at ./nptl/futex-internal.c:57
#1  __futex_abstimed_wait_common (cancel=true, private=0, abstime=0x0, clockid=0, expected=0, futex_word=0x76ffc75d2dd8 <global_queue+502328>) at ./nptl/futex-internal.c:87
#2  __GI___futex_abstimed_wait_cancelable64 (futex_word=futex_word@entry=0x76ffc75d2dd8 <global_queue+502328>, expected=expected@entry=0, clockid=clockid@entry=0, abstime=abstime@entry=0x0, private=private@entry=0) at ./nptl/futex-internal.c:139
#3  0x000076ffc729b7ed in __pthread_cond_wait_common (abstime=0x0, clockid=0, mutex=0x76ffc75d2d88 <global_queue+502248>, cond=0x76ffc75d2db0 <global_queue+502288>) at ./nptl/pthread_cond_wait.c:503
#4  ___pthread_cond_wait (cond=0x76ffc75d2db0 <global_queue+502288>, mutex=0x76ffc75d2d88 <global_queue+502248>) at ./nptl/pthread_cond_wait.c:627
#5  0x000076ffc746c132 in cupqc_submit_encap_job (public_key=0x76ff587bc310 "l\023\2379\200\300\020\021\023\276\0349\220\363aÒq\221\331r\327iJ\370\222\212n\211\305H\n\002\264\261\273\020\333\003I\025\005r\243C\\\206K|p\237\3115\251\370\201\216\214\034%\363\354|\265\301=7\nR\336g\220\236\372\227\210W\243>\231\r\030\254*?\253\266OG5*\321\310\373\321\030\022\367\274\270\260\243\234\363A\234\027!U\226\0310\304\020\200\214gS\006\313䰵\372\224\177X\023ih;8\224H\254\252\202T\ttG\222:\027\005doz\030:ID^\211\341\005'\262\037", <incomplete sequence \346>, randomness=0x76ff587bc2f0 "\230\221\333d=\346\370b\005\205\311m*\256\006\376\032\226\031\310r9`X\bba\030u\350\354\237l\023\2379\200\300\020\021\023\276\0349\220\363aÒq\221\331r\327iJ\370\222\212n\211\305H\n\002\264\261\273\020\333\003I\025\005r\243C\\\206K|p\237\3115\251\370\201\216\214\034%\363\354|\265\301=7\nR\336g\220\236\372\227\210W\243>\231\r\030\254*?\253\266OG5*\321\310\373\321\030\022\367\274\270\260\243\234\363A\234\027!U\226\0310\304\020\200\214gS\006\313䰵\372\224\177X\023ih;8\224H\254\252\202T\ttG\222:\027\005doz\030:ID^\211\341\005'\262\037", <incomplete sequence \346>, ciphertext_out=0x76ff940198d0 ">\211%\242\254\377\001\224\337b(Go\370\020?\364IƢ\030\026\016\221y\264\252!T\205q\bm(\327ٟ\3570K\300\346\205\340\224\276%\247\320Q\370\336\352\350ſ(\220\201\351\234\032\337wp\367\026", shared_secret_out=0x76ff9400a9a0 "\243`\263\350\234\351\b\337\3418\026\035\327L\306=\265,\312ͥ+\006uÓ\036S6\215\0276") at cupqc_runtime.c:224
#6  0x000076ffc787353d in ossl_ml_kem_encap_rand () from /home/ubuntu/openssl-openssl-3.5.0/libcrypto.so.3
#7  0x000076ffc7a32480 in ml_kem_encapsulate () from /home/ubuntu/openssl-openssl-3.5.0/libcrypto.so.3
#8  0x00005e8f46335575 in gpu_worker (arg=0x7fff9f60d184) at benchmark_pqc.c:40
#9  0x000076ffc729caa4 in start_thread (arg=<optimized out>) at ./nptl/pthread_create.c:447
#10 0x000076ffc7329c6c in clone3 () at ../sysdeps/unix/sysv/linux/x86_64/clone3.S:78

Thread 1 (Thread 0x76ffc7c42000 (LWP 4732) "benchmark_pqc"):
#0  0x000076ffc7298d71 in __futex_abstimed_wait_common64 (private=128, cancel=true, abstime=0x0, op=265, expected=4750, futex_word=0x76ffb41482d0) at ./nptl/futex-internal.c:57
#1  __futex_abstimed_wait_common (cancel=true, private=128, abstime=0x0, clockid=0, expected=4750, futex_word=0x76ffb41482d0) at ./nptl/futex-internal.c:87
#2  __GI___futex_abstimed_wait_cancelable64 (futex_word=futex_word@entry=0x76ffb41482d0, expected=4750, clockid=clockid@entry=0, abstime=abstime@entry=0x0, private=private@entry=128) at ./nptl/futex-internal.c:139
#3  0x000076ffc729e7a3 in __pthread_clockjoin_ex (threadid=130840609980416, thread_return=0x0, clockid=0, abstime=0x0, block=<optimized out>) at ./nptl/pthread_join_common.c:102
#4  0x00005e8f463357a7 in main () at benchmark_pqc.c:82

Thread 16 (Thread 0x76ffc0bff000 (LWP 4733) "cuda00001400006"):
#0  0x000076ffc731b4fd in __GI___poll (fds=0x5e8f4d021bc0, nfds=3, timeout=-1) at ../sysdeps/unix/sysv/linux/poll.c:29
#1  0x000076ffc0f1ce27 in ?? () from /lib/x86_64-linux-gnu/libcuda.so.1
#2  0x000076ffc100c5f7 in ?? () from /lib/x86_64-linux-gnu/libcuda.so.1
#3  0x000076ffc0f08bb3 in ?? () from /lib/x86_64-linux-gnu/libcuda.so.1
#4  0x000076ffc729caa4 in start_thread (arg=<optimized out>) at ./nptl/pthread_create.c:447
#5  0x000076ffc7329c6c in clone3 () at ../sysdeps/unix/sysv/linux/x86_64/clone3.S:78

Thread 15 (Thread 0x76ffb4dde000 (LWP 4741) "cuda-EvtHandlr"):
#0  0x000076ffc731b4fd in __GI___poll (fds=0x76ffb0000c20, nfds=11, timeout=100) at ../sysdeps/unix/sysv/linux/poll.c:29
#1  0x000076ffc0f1ce27 in ?? () from /lib/x86_64-linux-gnu/libcuda.so.1
#2  0x000076ffc100c5f7 in ?? () from /lib/x86_64-linux-gnu/libcuda.so.1
#3  0x000076ffc0f08bb3 in ?? () from /lib/x86_64-linux-gnu/libcuda.so.1
#4  0x000076ffc729caa4 in start_thread (arg=<optimized out>) at ./nptl/pthread_create.c:447
#5  0x000076ffc7329c6c in clone3 () at ../sysdeps/unix/sysv/linux/x86_64/clone3.S:78

Thread 14 (Thread 0x76ffb4148000 (LWP 4750) "benchmark_pqc"):
#0  0x000076ffc7298d71 in __futex_abstimed_wait_common64 (private=0, cancel=true, abstime=0x0, op=393, expected=0, futex_word=0x76ffc75d28a0 <global_queue+500992>) at ./nptl/futex-internal.c:57
#1  __futex_abstimed_wait_common (cancel=true, private=0, abstime=0x0, clockid=0, expected=0, futex_word=0x76ffc75d28a0 <global_queue+500992>) at ./nptl/futex-internal.c:87
#2  __GI___futex_abstimed_wait_cancelable64 (futex_word=futex_word@entry=0x76ffc75d28a0 <global_queue+500992>, expected=expected@entry=0, clockid=clockid@entry=0, abstime=abstime@entry=0x0, private=private@entry=0) at ./nptl/futex-internal.c:139
#3  0x000076ffc729b7ed in __pthread_cond_wait_common (abstime=0x0, clockid=0, mutex=0x76ffc75d2850 <global_queue+500912>, cond=0x76ffc75d2878 <global_queue+500952>) at ./nptl/pthread_cond_wait.c:503
#4  ___pthread_cond_wait (cond=0x76ffc75d2878 <global_queue+500952>, mutex=0x76ffc75d2850 <global_queue+500912>) at ./nptl/pthread_cond_wait.c:627
#5  0x000076ffc746c132 in cupqc_submit_encap_job (public_key=0x76ffb4144310 "l\023\2379\200\300\020\021\023\276\0349\220\363aÒq\221\331r\327iJ\370\222\212n\211\305H\n\002\264\261\273\020\333\003I\025\005r\243C\\\206K|p\237\3115\251\370\201\216\214\034%\363\354|\265\301=7\nR\336g\220\236\372\227\210W\243>\231\r\030\254*?\253\266OG5*\321\310\373\321\030\022\367\274\270\260\243\234\363A\234\027!U\226\0310\304\020\200\214gS\006\313䰵\372\224\177X\023ih;8\224H\254\252\202T\ttG\222:\027\005doz\030:ID^\211\341\005'\262\037", <incomplete sequence \346>, randomness=0x76ffb41442f0 ",\203\003f\337I\"\023\316\200\204\222>{\002\256t\255F\375/\257R{\376\253\246@\\M\320\344l\023\2379\200\300\020\021\023\276\0349\220\363aÒq\221\331r\327iJ\370\222\212n\211\305H\n\002\264\261\273\020\333\003I\025\005r\243C\\\206K|p\237\3115\251\370\201\216\214\034%\363\354|\265\301=7\nR\336g\220\236\372\227\210W\243>\231\r\030\254*?\253\266OG5*\321\310\373\321\030\022\367\274\270\260\243\234\363A\234\027!U\226\0310\304\020\200\214gS\006\313䰵\372\224\177X\023ih;8\224H\254\252\202T\ttG\222:\027\005doz\030:ID^\211\341\005'\262\037", <incomplete sequence \346>, ciphertext_out=0x76ff8c01ac90 "\215\277\337}U\242\226\003\345\335\v]v\003\346\263\026ٖ\210\357k\017\0232\334$\341\302\004\035\216\2235\342\377+Qw\337\332\r \177S\343\222g\227ђU>\351a1z\376U\347*}\274\351\217\v8\\\b\216P\344\236ն\035=[\001\303\303\336PD\002L\334w\234\375\271\347ѳ\224=\032\373lM\300ҹ\257\225\201\347\001\027\240\024\226\021\276\311,Њ\3379+\375\231\263\211:\034\025\265\t)T\232\3132\214m\275\272\352,O5@\342\364z\341Ha=\356Pm9\377\204\r\251-\002L\206\236_\347+\341\206\027~ؤ\374\a\217\221x?\223r'b\210\001D4ƛ\355u\025\021\270\312\023z.\341\001"..., shared_secret_out=0x76ff8c005980 "ߍ7(\377C\342\302\004$H\324k\270\rƘh\027\323a͞\260\273\316\017Z\275G\236S") at cupqc_runtime.c:224
#6  0x000076ffc787353d in ossl_ml_kem_encap_rand () from /home/ubuntu/openssl-openssl-3.5.0/libcrypto.so.3
#7  0x000076ffc7a32480 in ml_kem_encapsulate () from /home/ubuntu/openssl-openssl-3.5.0/libcrypto.so.3
#8  0x00005e8f46335575 in gpu_worker (arg=0x7fff9f60d184) at benchmark_pqc.c:40
#9  0x000076ffc729caa4 in start_thread (arg=<optimized out>) at ./nptl/pthread_create.c:447
#10 0x000076ffc7329c6c in clone3 () at ../sysdeps/unix/sysv/linux/x86_64/clone3.S:78

Thread 13 (Thread 0x76ffb40c6000 (LWP 4752) "benchmark_pqc"):
#0  0x000076ffc7298d71 in __futex_abstimed_wait_common64 (private=0, cancel=true, abstime=0x0, op=393, expected=0, futex_word=0x76ffc75c0460 <global_queue+426176>) at ./nptl/futex-internal.c:57
#1  __futex_abstimed_wait_common (cancel=true, private=0, abstime=0x0, clockid=0, expected=0, futex_word=0x76ffc75c0460 <global_queue+426176>) at ./nptl/futex-internal.c:87
#2  __GI___futex_abstimed_wait_cancelable64 (futex_word=futex_word@entry=0x76ffc75c0460 <global_queue+426176>, expected=expected@entry=0, clockid=clockid@entry=0, abstime=abstime@entry=0x0, private=private@entry=0) at ./nptl/futex-internal.c:139
#3  0x000076ffc729b7ed in __pthread_cond_wait_common (abstime=0x0, clockid=0, mutex=0x76ffc75c0410 <global_queue+426096>, cond=0x76ffc75c0438 <global_queue+426136>) at ./nptl/pthread_cond_wait.c:503
#4  ___pthread_cond_wait (cond=0x76ffc75c0438 <global_queue+426136>, mutex=0x76ffc75c0410 <global_queue+426096>) at ./nptl/pthread_cond_wait.c:627
#5  0x000076ffc746c132 in cupqc_submit_encap_job (public_key=0x76ffb40c2310 "l\023\2379\200\300\020\021\023\276\0349\220\363aÒq\221\331r\327iJ\370\222\212n\211\305H\n\002\264\261\273\020\333\003I\025\005r\243C\\\206K|p\237\3115\251\370\201\216\214\034%\363\354|\265\301=7\nR\336g\220\236\372\227\210W\243>\231\r\030\254*?\253\266OG5*\321\310\373\321\030\022\367\274\270\260\243\234\363A\234\027!U\226\0310\304\020\200\214gS\006\313䰵\372\224\177X\023ih;8\224H\254\252\202T\ttG\222:\027\005doz\030:ID^\211\341\005'\262\037", <incomplete sequence \346>, randomness=0x76ffb40c22f0 "\250>\036\016\310\v\316\310\330)\364&\334O\035\261\0361zf\315\301rN\f\221\377\340\276s$\315l\023\2379\200\300\020\021\023\276\0349\220\363aÒq\221\331r\327iJ\370\222\212n\211\305H\n\002\264\261\273\020\333\003I\025\005r\243C\\\206K|p\237\3115\251\370\201\216\214\034%\363\354|\265\301=7\nR\336g\220\236\372\227\210W\243>\231\r\030\254*?\253\266OG5*\321\310\373\321\030\022\367\274\270\260\243\234\363A\234\027!U\226\0310\304\020\200\214gS\006\313䰵\372\224\177X\023ih;8\224H\254\252\202T\ttG\222:\027\005doz\030:ID^\211\341\005'\262\037", <incomplete sequence \346>, ciphertext_out=0x76ff8400d0a0 "\237l\307kʰ\303\355C`&\235\216\376\265B\366\303K\337$\342\353\214\351\227\316\327'\254\205\"\277\205\f\022_I&N\202\v\f\277\023\251\247\251\347z\366\233\240\223\005\274\035\327ɮ\324\355$\035e-rV\245\231\202Ob\247d3\271[\344\275\355\376-\277s\231\236\252Cv\205\341\2236\267Y0N\226\23091ą\264~\336̅\026H\327\2545\t\332R^\357\325?\237\267m\366\220`+\033dF\001_\340\200W\343i\004\214\030=\037\224\211\214>o\365֗\273\177\032\211ءw\036\264\214\003\203(I\276\247ڊ\024\376QHlg\376\377\343ī\363\030|\250`\205ɺ\\\362\016?Tyl\177S\371", <incomplete sequence \364>..., shared_secret_out=0x76ff84005660 "\242w\323\337\361\022\363ܕ\036\a\2026u\352?j\"<\256\254\351m\233>\350\234z\234=\b&") at cupqc_runtime.c:224
#6  0x000076ffc787353d in ossl_ml_kem_encap_rand () from /home/ubuntu/openssl-openssl-3.5.0/libcrypto.so.3
#7  0x000076ffc7a32480 in ml_kem_encapsulate () from /home/ubuntu/openssl-openssl-3.5.0/libcrypto.so.3
#8  0x00005e8f46335575 in gpu_worker (arg=0x7fff9f60d184) at benchmark_pqc.c:40
#9  0x000076ffc729caa4 in start_thread (arg=<optimized out>) at ./nptl/pthread_create.c:447
#10 0x000076ffc7329c6c in clone3 () at ../sysdeps/unix/sysv/linux/x86_64/clone3.S:78

Thread 12 (Thread 0x76ff5ba69000 (LWP 4831) "benchmark_pqc"):
#0  0x000076ffc7298d71 in __futex_abstimed_wait_common64 (private=0, cancel=true, abstime=0x0, op=393, expected=0, futex_word=0x76ffc75e5218 <global_queue+577144>) at ./nptl/futex-internal.c:57
#1  __futex_abstimed_wait_common (cancel=true, private=0, abstime=0x0, clockid=0, expected=0, futex_word=0x76ffc75e5218 <global_queue+577144>) at ./nptl/futex-internal.c:87
#2  __GI___futex_abstimed_wait_cancelable64 (futex_word=futex_word@entry=0x76ffc75e5218 <global_queue+577144>, expected=expected@entry=0, clockid=clockid@entry=0, abstime=abstime@entry=0x0, private=private@entry=0) at ./nptl/futex-internal.c:139
#3  0x000076ffc729b7ed in __pthread_cond_wait_common (abstime=0x0, clockid=0, mutex=0x76ffc75e51c8 <global_queue+577064>, cond=0x76ffc75e51f0 <global_queue+577104>) at ./nptl/pthread_cond_wait.c:503
#4  ___pthread_cond_wait (cond=0x76ffc75e51f0 <global_queue+577104>, mutex=0x76ffc75e51c8 <global_queue+577064>) at ./nptl/pthread_cond_wait.c:627
#5  0x000076ffc746c132 in cupqc_submit_encap_job (public_key=0x76ff5ba65310 "l\023\2379\200\300\020\021\023\276\0349\220\363aÒq\221\331r\327iJ\370\222\212n\211\305H\n\002\264\261\273\020\333\003I\025\005r\243C\\\206K|p\237\3115\251\370\201\216\214\034%\363\354|\265\301=7\nR\336g\220\236\372\227\210W\243>\231\r\030\254*?\253\266OG5*\321\310\373\321\030\022\367\274\270\260\243\234\363A\234\027!U\226\0310\304\020\200\214gS\006\313䰵\372\224\177X\023ih;8\224H\254\252\202T\ttG\222:\027\005doz\030:ID^\211\341\005'\262\037", <incomplete sequence \346>, randomness=0x76ff5ba652f0 "\200\221p\262:\200\242\250\034Zf\237\364u&(\213\372|l>>\350\261۫\254L5\023\254\343l\023\2379\200\300\020\021\023\276\0349\220\363aÒq\221\331r\327iJ\370\222\212n\211\305H\n\002\264\261\273\020\333\003I\025\005r\243C\\\206K|p\237\3115\251\370\201\216\214\034%\363\354|\265\301=7\nR\336g\220\236\372\227\210W\243>\231\r\030\254*?\253\266OG5*\321\310\373\321\030\022\367\274\270\260\243\234\363A\234\027!U\226\0310\304\020\200\214gS\006\313䰵\372\224\177X\023ih;8\224H\254\252\202T\ttG\222:\027\005doz\030:ID^\211\341\005'\262\037", <incomplete sequence \346>, ciphertext_out=0x76ff880377b0 "Q3\232c\365y!\265\231\027\025\a\256\002\346\237\006\246hr\200%\017u\n\345\220İ\n#WK\036,&\222h\257VG\366\241[\304mƓ\373\230\247\256W6\325vў\024\373\356\202*}\021\346\235<\343\351\241'\b\305\034&4S<WY\344f\207\n?\362\3708Kz\317\314\346\301Wd]\371\250\363r_\t;4k4R\350\306\334}\364\266p*y`\f\362<q\243)d\032\211&\225\327,\240ޗd&\300ʂ\366\030\370\234\331(\v\005\362\320jvn\3271l\361\022;\374*)\316\314\352\3407\211\025^@D5?0\302D\243\316Od`{W\306o\022gύL\312\001f1\257\302\351\3502"..., shared_secret_out=0x76ff880257c0 "\006\234u\375\373\206\354\233o]\024kӧ\245\356>\333\327\300ͭ=\a:\214\3773\375\351", <incomplete sequence \352\201>) at cupqc_runtime.c:224
#6  0x000076ffc787353d in ossl_ml_kem_encap_rand () from /home/ubuntu/openssl-openssl-3.5.0/libcrypto.so.3
#7  0x000076ffc7a32480 in ml_kem_encapsulate () from /home/ubuntu/openssl-openssl-3.5.0/libcrypto.so.3
#8  0x00005e8f46335575 in gpu_worker (arg=0x7fff9f60d184) at benchmark_pqc.c:40
#9  0x000076ffc729caa4 in start_thread (arg=<optimized out>) at ./nptl/pthread_create.c:447
#10 0x000076ffc7329c6c in clone3 () at ../sysdeps/unix/sysv/linux/x86_64/clone3.S:78

Thread 11 (Thread 0x76ff5adb7000 (LWP 4880) "benchmark_pqc"):
#0  0x000076ffc7298d71 in __futex_abstimed_wait_common64 (private=30463, cancel=true, abstime=0x0, op=393, expected=0, futex_word=0x76ffc75ff404 <global_queue+684132>) at ./nptl/futex-internal.c:57
#1  __futex_abstimed_wait_common (cancel=true, private=30463, abstime=0x0, clockid=0, expected=0, futex_word=0x76ffc75ff404 <global_queue+684132>) at ./nptl/futex-internal.c:87
#2  __GI___futex_abstimed_wait_cancelable64 (futex_word=futex_word@entry=0x76ffc75ff404 <global_queue+684132>, expected=expected@entry=0, clockid=clockid@entry=0, abstime=abstime@entry=0x0, private=private@entry=0) at ./nptl/futex-internal.c:139
#3  0x000076ffc729b7ed in __pthread_cond_wait_common (abstime=0x0, clockid=0, mutex=0x76ffc75ff3b0 <global_queue+684048>, cond=0x76ffc75ff3d8 <global_queue+684088>) at ./nptl/pthread_cond_wait.c:503
#4  ___pthread_cond_wait (cond=0x76ffc75ff3d8 <global_queue+684088>, mutex=0x76ffc75ff3b0 <global_queue+684048>) at ./nptl/pthread_cond_wait.c:627
#5  0x000076ffc746bac6 in cupqc_batch_worker (arg=0x0) at cupqc_runtime.c:114
#6  0x000076ffc729caa4 in start_thread (arg=<optimized out>) at ./nptl/pthread_create.c:447
#7  0x000076ffc7329c6c in clone3 () at ../sysdeps/unix/sysv/linux/x86_64/clone3.S:78

Thread 10 (Thread 0x76ff59c92000 (LWP 4918) "benchmark_pqc"):
#0  0x000076ffc7298d71 in __futex_abstimed_wait_common64 (private=0, cancel=true, abstime=0x0, op=393, expected=0, futex_word=0x76ffc75d3848 <global_queue+505000>) at ./nptl/futex-internal.c:57
#1  __futex_abstimed_wait_common (cancel=true, private=0, abstime=0x0, clockid=0, expected=0, futex_word=0x76ffc75d3848 <global_queue+505000>) at ./nptl/futex-internal.c:87
#2  __GI___futex_abstimed_wait_cancelable64 (futex_word=futex_word@entry=0x76ffc75d3848 <global_queue+505000>, expected=expected@entry=0, clockid=clockid@entry=0, abstime=abstime@entry=0x0, private=private@entry=0) at ./nptl/futex-internal.c:139
#3  0x000076ffc729b7ed in __pthread_cond_wait_common (abstime=0x0, clockid=0, mutex=0x76ffc75d37f8 <global_queue+504920>, cond=0x76ffc75d3820 <global_queue+504960>) at ./nptl/pthread_cond_wait.c:503
#4  ___pthread_cond_wait (cond=0x76ffc75d3820 <global_queue+504960>, mutex=0x76ffc75d37f8 <global_queue+504920>) at ./nptl/pthread_cond_wait.c:627
#5  0x000076ffc746c132 in cupqc_submit_encap_job (public_key=0x76ff59c8e310 "l\023\2379\200\300\020\021\023\276\0349\220\363aÒq\221\331r\327iJ\370\222\212n\211\305H\n\002\264\261\273\020\333\003I\025\005r\243C\\\206K|p\237\3115\251\370\201\216\214\034%\363\354|\265\301=7\nR\336g\220\236\372\227\210W\243>\231\r\030\254*?\253\266OG5*\321\310\373\321\030\022\367\274\270\260\243\234\363A\234\027!U\226\0310\304\020\200\214gS\006\313䰵\372\224\177X\023ih;8\224H\254\252\202T\ttG\222:\027\005doz\030:ID^\211\341\005'\262\037", <incomplete sequence \346>, randomness=0x76ff59c8e2f0 "\347\252\325\302Ɇsdv\330\030.\254e\376\342\031t'^U\257\233n\023\242\347\001\265\352A\260l\023\2379\200\300\020\021\023\276\0349\220\363aÒq\221\331r\327iJ\370\222\212n\211\305H\n\002\264\261\273\020\333\003I\025\005r\243C\\\206K|p\237\3115\251\370\201\216\214\034%\363\354|\265\301=7\nR\336g\220\236\372\227\210W\243>\231\r\030\254*?\253\266OG5*\321\310\373\321\030\022\367\274\270\260\243\234\363A\234\027!U\226\0310\304\020\200\214gS\006\313䰵\372\224\177X\023ih;8\224H\254\252\202T\ttG\222:\027\005doz\030:ID^\211\341\005'\262\037", <incomplete sequence \346>, ciphertext_out=0x76ff34010ac0 "I\324yYP\354?", <incomplete sequence \334>, shared_secret_out=0x76ff34040310 "OY\025G\237u\225\320k\200\304t\347\331\362\331cp\250\204*W\260\020\224Y\354\314w\340\357", <incomplete sequence \343>) at cupqc_runtime.c:224
#6  0x000076ffc787353d in ossl_ml_kem_encap_rand () from /home/ubuntu/openssl-openssl-3.5.0/libcrypto.so.3
#7  0x000076ffc7a32480 in ml_kem_encapsulate () from /home/ubuntu/openssl-openssl-3.5.0/libcrypto.so.3
#8  0x00005e8f46335575 in gpu_worker (arg=0x7fff9f60d184) at benchmark_pqc.c:40
#9  0x000076ffc729caa4 in start_thread (arg=<optimized out>) at ./nptl/pthread_create.c:447
#10 0x000076ffc7329c6c in clone3 () at ../sysdeps/unix/sysv/linux/x86_64/clone3.S:78

Thread 9 (Thread 0x76ff59c10000 (LWP 4920) "benchmark_pqc"):
#0  0x000076ffc7298d71 in __futex_abstimed_wait_common64 (private=0, cancel=true, abstime=0x0, op=393, expected=0, futex_word=0x76ffc75cbb08 <global_queue+472936>) at ./nptl/futex-internal.c:57
#1  __futex_abstimed_wait_common (cancel=true, private=0, abstime=0x0, clockid=0, expected=0, futex_word=0x76ffc75cbb08 <global_queue+472936>) at ./nptl/futex-internal.c:87
#2  __GI___futex_abstimed_wait_cancelable64 (futex_word=futex_word@entry=0x76ffc75cbb08 <global_queue+472936>, expected=expected@entry=0, clockid=clockid@entry=0, abstime=abstime@entry=0x0, private=private@entry=0) at ./nptl/futex-internal.c:139
#3  0x000076ffc729b7ed in __pthread_cond_wait_common (abstime=0x0, clockid=0, mutex=0x76ffc75cbab8 <global_queue+472856>, cond=0x76ffc75cbae0 <global_queue+472896>) at ./nptl/pthread_cond_wait.c:503
#4  ___pthread_cond_wait (cond=0x76ffc75cbae0 <global_queue+472896>, mutex=0x76ffc75cbab8 <global_queue+472856>) at ./nptl/pthread_cond_wait.c:627
#5  0x000076ffc746c132 in cupqc_submit_encap_job (public_key=0x76ff59c0c310 "l\023\2379\200\300\020\021\023\276\0349\220\363aÒq\221\331r\327iJ\370\222\212n\211\305H\n\002\264\261\273\020\333\003I\025\005r\243C\\\206K|p\237\3115\251\370\201\216\214\034%\363\354|\265\301=7\nR\336g\220\236\372\227\210W\243>\231\r\030\254*?\253\266OG5*\321\310\373\321\030\022\367\274\270\260\243\234\363A\234\027!U\226\0310\304\020\200\214gS\006\313䰵\372\224\177X\023ih;8\224H\254\252\202T\ttG\222:\027\005doz\030:ID^\211\341\005'\262\037", <incomplete sequence \346>, randomness=0x76ff59c0c2f0 "\356T\237k\023?\021\326\306\300RӖc\3350\240I\314\344\373\353\235d@u\360lF\004|\025l\023\2379\200\300\020\021\023\276\0349\220\363aÒq\221\331r\327iJ\370\222\212n\211\305H\n\002\264\261\273\020\333\003I\025\005r\243C\\\206K|p\237\3115\251\370\201\216\214\034%\363\354|\265\301=7\nR\336g\220\236\372\227\210W\243>\231\r\030\254*?\253\266OG5*\321\310\373\321\030\022\367\274\270\260\243\234\363A\234\027!U\226\0310\304\020\200\214gS\006\313䰵\372\224\177X\023ih;8\224H\254\252\202T\ttG\222:\027\005doz\030:ID^\211\341\005'\262\037", <incomplete sequence \346>, ciphertext_out=0x76ff3002dfa0 "us?\264t\373 \247\t\020#\255\221R\356f[\340\340\226ۖ\340\315{Z\254\017S\304\006\207\363TY\253\321\f\212\336W\031\"\224\226tj\212\2003S\340\222.T0zF\004\240\005i\227kz,\304\024\020\263", shared_secret_out=0x76ff300267a0 "O\231\3700婰@\200F\232?\335z'*Y\233\327\341҉n+\034_\343\362\363N\261\225") at cupqc_runtime.c:224
#6  0x000076ffc787353d in ossl_ml_kem_encap_rand () from /home/ubuntu/openssl-openssl-3.5.0/libcrypto.so.3
#7  0x000076ffc7a32480 in ml_kem_encapsulate () from /home/ubuntu/openssl-openssl-3.5.0/libcrypto.so.3
#8  0x00005e8f46335575 in gpu_worker (arg=0x7fff9f60d184) at benchmark_pqc.c:40
#9  0x000076ffc729caa4 in start_thread (arg=<optimized out>) at ./nptl/pthread_create.c:447
#10 0x000076ffc7329c6c in clone3 () at ../sysdeps/unix/sysv/linux/x86_64/clone3.S:78

Thread 8 (Thread 0x76ff59a08000 (LWP 4928) "benchmark_pqc"):
#0  0x000076ffc7298d71 in __futex_abstimed_wait_common64 (private=0, cancel=true, abstime=0x0, op=393, expected=0, futex_word=0x76ffc75ca0f0 <global_queue+466256>) at ./nptl/futex-internal.c:57
#1  __futex_abstimed_wait_common (cancel=true, private=0, abstime=0x0, clockid=0, expected=0, futex_word=0x76ffc75ca0f0 <global_queue+466256>) at ./nptl/futex-internal.c:87
#2  __GI___futex_abstimed_wait_cancelable64 (futex_word=futex_word@entry=0x76ffc75ca0f0 <global_queue+466256>, expected=expected@entry=0, clockid=clockid@entry=0, abstime=abstime@entry=0x0, private=private@entry=0) at ./nptl/futex-internal.c:139
#3  0x000076ffc729b7ed in __pthread_cond_wait_common (abstime=0x0, clockid=0, mutex=0x76ffc75ca0a0 <global_queue+466176>, cond=0x76ffc75ca0c8 <global_queue+466216>) at ./nptl/pthread_cond_wait.c:503
#4  ___pthread_cond_wait (cond=0x76ffc75ca0c8 <global_queue+466216>, mutex=0x76ffc75ca0a0 <global_queue+466176>) at ./nptl/pthread_cond_wait.c:627
#5  0x000076ffc746c132 in cupqc_submit_encap_job (public_key=0x76ff59a04310 "l\023\2379\200\300\020\021\023\276\0349\220\363aÒq\221\331r\327iJ\370\222\212n\211\305H\n\002\264\261\273\020\333\003I\025\005r\243C\\\206K|p\237\3115\251\370\201\216\214\034%\363\354|\265\301=7\nR\336g\220\236\372\227\210W\243>\231\r\030\254*?\253\266OG5*\321\310\373\321\030\022\367\274\270\260\243\234\363A\234\027!U\226\0310\304\020\200\214gS\006\313䰵\372\224\177X\023ih;8\224H\254\252\202T\ttG\222:\027\005doz\030:ID^\211\341\005'\262\037", <incomplete sequence \346>, randomness=0x76ff59a042f0 "\t\b\263\034\223r\376د}\354\211D\aкF\020\214\337\030QZ\224;ly\264\245\274\241\335l\023\2379\200\300\020\021\023\276\0349\220\363aÒq\221\331r\327iJ\370\222\212n\211\305H\n\002\264\261\273\020\333\003I\025\005r\243C\\\206K|p\237\3115\251\370\201\216\214\034%\363\354|\265\301=7\nR\336g\220\236\372\227\210W\243>\231\r\030\254*?\253\266OG5*\321\310\373\321\030\022\367\274\270\260\243\234\363A\234\027!U\226\0310\304\020\200\214gS\006\313䰵\372\224\177X\023ih;8\224H\254\252\202T\ttG\222:\027\005doz\030:ID^\211\341\005'\262\037", <incomplete sequence \346>, ciphertext_out=0x76ff6c00ffd0 "\277j\342\370\226QD\203\024Be\377\033\217\250´Z\021\033\250[E\312e\226\t\vN\372\365ƚ\225", shared_secret_out=0x76ff6c02e5e0 "*\373\222\340\252Z(\367\247#\034\033iG^E\0212\006ȁ=\225F[\253~\300^\365<\202") at cupqc_runtime.c:224
#6  0x000076ffc787353d in ossl_ml_kem_encap_rand () from /home/ubuntu/openssl-openssl-3.5.0/libcrypto.so.3
#7  0x000076ffc7a32480 in ml_kem_encapsulate () from /home/ubuntu/openssl-openssl-3.5.0/libcrypto.so.3
#8  0x00005e8f46335575 in gpu_worker (arg=0x7fff9f60d184) at benchmark_pqc.c:40
#9  0x000076ffc729caa4 in start_thread (arg=<optimized out>) at ./nptl/pthread_create.c:447
#10 0x000076ffc7329c6c in clone3 () at ../sysdeps/unix/sysv/linux/x86_64/clone3.S:78

Thread 7 (Thread 0x76ff594f4000 (LWP 4948) "benchmark_pqc"):
#0  0x000076ffc7298d71 in __futex_abstimed_wait_common64 (private=0, cancel=true, abstime=0x0, op=393, expected=0, futex_word=0x76ffc75c1408 <global_queue+430184>) at ./nptl/futex-internal.c:57
#1  __futex_abstimed_wait_common (cancel=true, private=0, abstime=0x0, clockid=0, expected=0, futex_word=0x76ffc75c1408 <global_queue+430184>) at ./nptl/futex-internal.c:87
#2  __GI___futex_abstimed_wait_cancelable64 (futex_word=futex_word@entry=0x76ffc75c1408 <global_queue+430184>, expected=expected@entry=0, clockid=clockid@entry=0, abstime=abstime@entry=0x0, private=private@entry=0) at ./nptl/futex-internal.c:139
#3  0x000076ffc729b7ed in __pthread_cond_wait_common (abstime=0x0, clockid=0, mutex=0x76ffc75c13b8 <global_queue+430104>, cond=0x76ffc75c13e0 <global_queue+430144>) at ./nptl/pthread_cond_wait.c:503
#4  ___pthread_cond_wait (cond=0x76ffc75c13e0 <global_queue+430144>, mutex=0x76ffc75c13b8 <global_queue+430104>) at ./nptl/pthread_cond_wait.c:627
#5  0x000076ffc746c132 in cupqc_submit_encap_job (public_key=0x76ff594f0310 "l\023\2379\200\300\020\021\023\276\0349\220\363aÒq\221\331r\327iJ\370\222\212n\211\305H\n\002\264\261\273\020\333\003I\025\005r\243C\\\206K|p\237\3115\251\370\201\216\214\034%\363\354|\265\301=7\nR\336g\220\236\372\227\210W\243>\231\r\030\254*?\253\266OG5*\321\310\373\321\030\022\367\274\270\260\243\234\363A\234\027!U\226\0310\304\020\200\214gS\006\313䰵\372\224\177X\023ih;8\224H\254\252\202T\ttG\222:\027\005doz\030:ID^\211\341\005'\262\037", <incomplete sequence \346>, randomness=0x76ff594f02f0 "[܍\250\233\371\034`\270\240\247\346\200r\021HL1\373&\017}a,\271\371\004\274\244\\A\255l\023\2379\200\300\020\021\023\276\0349\220\363aÒq\221\331r\327iJ\370\222\212n\211\305H\n\002\264\261\273\020\333\003I\025\005r\243C\\\206K|p\237\3115\251\370\201\216\214\034%\363\354|\265\301=7\nR\336g\220\236\372\227\210W\243>\231\r\030\254*?\253\266OG5*\321\310\373\321\030\022\367\274\270\260\243\234\363A\234\027!U\226\0310\304\020\200\214gS\006\313䰵\372\224\177X\023ih;8\224H\254\252\202T\ttG\222:\027\005doz\030:ID^\211\341\005'\262\037", <incomplete sequence \346>, ciphertext_out=0x76ff40004560 "}\300I\\\302x|N$\177\247Xx_\237\346\n\264FW\360=~\274\257\v\263\037D\3325:H\r\251\274\273\335\375\363\020=R\355\2334\005~^\355\vUr\027\312\0234\205\212^\354\320R\324<\375\220c\356\246zg\210\222Dü\2356\263\024&\270A$\023<\2518Et5\031u\221\374E\335'\256\317\\ \006wv-\252\340$.\214\006\234\3447\031 ʮ\377\320\020\321\360E-,\372`a\345\254Ѹɫdb\fp\020t\005\035\026OA\371\312>ۓ\334\030\004\034|შo\005\314\177\300\371mŊ1n\205\nj\237o\373\331\352\036E\200\361\347\016\304\375\340#ž\346\037n\036f;!\253"..., shared_secret_out=0x76ff40015a60 "\374\"\275ƚ:Fc\332\022\266fi\271\242\361\0235\316\0252\350\315L\274\263\226ġR\262}") at cupqc_runtime.c:224
#6  0x000076ffc787353d in ossl_ml_kem_encap_rand () from /home/ubuntu/openssl-openssl-3.5.0/libcrypto.so.3
#7  0x000076ffc7a32480 in ml_kem_encapsulate () from /home/ubuntu/openssl-openssl-3.5.0/libcrypto.so.3
#8  0x00005e8f46335575 in gpu_worker (arg=0x7fff9f60d184) at benchmark_pqc.c:40
#9  0x000076ffc729caa4 in start_thread (arg=<optimized out>) at ./nptl/pthread_create.c:447
#10 0x000076ffc7329c6c in clone3 () at ../sysdeps/unix/sysv/linux/x86_64/clone3.S:78

Thread 6 (Thread 0x76ff58fe0000 (LWP 4968) "benchmark_pqc"):
#0  0x000076ffc7298d71 in __futex_abstimed_wait_common64 (private=0, cancel=true, abstime=0x0, op=393, expected=0, futex_word=0x76ffc75cef38 <global_queue+486296>) at ./nptl/futex-internal.c:57
#1  __futex_abstimed_wait_common (cancel=true, private=0, abstime=0x0, clockid=0, expected=0, futex_word=0x76ffc75cef38 <global_queue+486296>) at ./nptl/futex-internal.c:87
#2  __GI___futex_abstimed_wait_cancelable64 (futex_word=futex_word@entry=0x76ffc75cef38 <global_queue+486296>, expected=expected@entry=0, clockid=clockid@entry=0, abstime=abstime@entry=0x0, private=private@entry=0) at ./nptl/futex-internal.c:139
#3  0x000076ffc729b7ed in __pthread_cond_wait_common (abstime=0x0, clockid=0, mutex=0x76ffc75ceee8 <global_queue+486216>, cond=0x76ffc75cef10 <global_queue+486256>) at ./nptl/pthread_cond_wait.c:503
#4  ___pthread_cond_wait (cond=0x76ffc75cef10 <global_queue+486256>, mutex=0x76ffc75ceee8 <global_queue+486216>) at ./nptl/pthread_cond_wait.c:627
#5  0x000076ffc746c132 in cupqc_submit_encap_job (public_key=0x76ff58fdc310 "l\023\2379\200\300\020\021\023\276\0349\220\363aÒq\221\331r\327iJ\370\222\212n\211\305H\n\002\264\261\273\020\333\003I\025\005r\243C\\\206K|p\237\3115\251\370\201\216\214\034%\363\354|\265\301=7\nR\336g\220\236\372\227\210W\243>\231\r\030\254*?\253\266OG5*\321\310\373\321\030\022\367\274\270\260\243\234\363A\234\027!U\226\0310\304\020\200\214gS\006\313䰵\372\224\177X\023ih;8\224H\254\252\202T\ttG\222:\027\005doz\030:ID^\211\341\005'\262\037", <incomplete sequence \346>, randomness=0x76ff58fdc2f0 "\276\307\362?~D>N\003\230\252轱aԟ\254\207\326y5\340\004'V\027,b\004\236\027l\023\2379\200\300\020\021\023\276\0349\220\363aÒq\221\331r\327iJ\370\222\212n\211\305H\n\002\264\261\273\020\333\003I\025\005r\243C\\\206K|p\237\3115\251\370\201\216\214\034%\363\354|\265\301=7\nR\336g\220\236\372\227\210W\243>\231\r\030\254*?\253\266OG5*\321\310\373\321\030\022\367\274\270\260\243\234\363A\234\027!U\226\0310\304\020\200\214gS\006\313䰵\372\224\177X\023ih;8\224H\254\252\202T\ttG\222:\027\005doz\030:ID^\211\341\005'\262\037", <incomplete sequence \346>, ciphertext_out=0x76ff940123c0 "Y\352ĨI\243\356\032jT\361|\0062:j@\3506'\240I\236P\336+\210\016\331f\266\022K\225\245\310_\223,\304{\225\264R\177\204\203<h\317\r\303\305\033\250\242\224\245\364\216QcX<\344)X}\210\252_\247\316eiY\261Q9\300m\342|nq\371,}\202\200\234C].\342\241\364\330\026\231\2413\353v܈\2243\262\340\366\303`p\254vB\016'$\250\277\235b_\255\260\271=\203\213\326'髃\246\343ų?^\023\003Q\263\271\034jN\036\020xԁ\375", <incomplete sequence \365\221>, shared_secret_out=0x76ff9400bee0 "\242T\262q\211\177'r\305 \263\306\320\302\213&\273\327\317I\235\026\3441z\021IF\231\365\275g") at cupqc_runtime.c:224
#6  0x000076ffc787353d in ossl_ml_kem_encap_rand () from /home/ubuntu/openssl-openssl-3.5.0/libcrypto.so.3
#7  0x000076ffc7a32480 in ml_kem_encapsulate () from /home/ubuntu/openssl-openssl-3.5.0/libcrypto.so.3
#8  0x00005e8f46335575 in gpu_worker (arg=0x7fff9f60d184) at benchmark_pqc.c:40
#9  0x000076ffc729caa4 in start_thread (arg=<optimized out>) at ./nptl/pthread_create.c:447
#10 0x000076ffc7329c6c in clone3 () at ../sysdeps/unix/sysv/linux/x86_64/clone3.S:78

Thread 5 (Thread 0x76ff58d56000 (LWP 4978) "benchmark_pqc"):
#0  0x000076ffc7298d71 in __futex_abstimed_wait_common64 (private=0, cancel=true, abstime=0x0, op=393, expected=0, futex_word=0x76ffc75c0ed0 <global_queue+428848>) at ./nptl/futex-internal.c:57
#1  __futex_abstimed_wait_common (cancel=true, private=0, abstime=0x0, clockid=0, expected=0, futex_word=0x76ffc75c0ed0 <global_queue+428848>) at ./nptl/futex-internal.c:87
#2  __GI___futex_abstimed_wait_cancelable64 (futex_word=futex_word@entry=0x76ffc75c0ed0 <global_queue+428848>, expected=expected@entry=0, clockid=clockid@entry=0, abstime=abstime@entry=0x0, private=private@entry=0) at ./nptl/futex-internal.c:139
#3  0x000076ffc729b7ed in __pthread_cond_wait_common (abstime=0x0, clockid=0, mutex=0x76ffc75c0e80 <global_queue+428768>, cond=0x76ffc75c0ea8 <global_queue+428808>) at ./nptl/pthread_cond_wait.c:503
#4  ___pthread_cond_wait (cond=0x76ffc75c0ea8 <global_queue+428808>, mutex=0x76ffc75c0e80 <global_queue+428768>) at ./nptl/pthread_cond_wait.c:627
#5  0x000076ffc746c132 in cupqc_submit_encap_job (public_key=0x76ff58d52310 "l\023\2379\200\300\020\021\023\276\0349\220\363aÒq\221\331r\327iJ\370\222\212n\211\305H\n\002\264\261\273\020\333\003I\025\005r\243C\\\206K|p\237\3115\251\370\201\216\214\034%\363\354|\265\301=7\nR\336g\220\236\372\227\210W\243>\231\r\030\254*?\253\266OG5*\321\310\373\321\030\022\367\274\270\260\243\234\363A\234\027!U\226\0310\304\020\200\214gS\006\313䰵\372\224\177X\023ih;8\224H\254\252\202T\ttG\222:\027\005doz\030:ID^\211\341\005'\262\037", <incomplete sequence \346>, randomness=0x76ff58d522f0 "\302\033\343g\316\001\036YM\266\372\372\227\246\276\0062^A݇lL\340-6\306\355\306溉l\023\2379\200\300\020\021\023\276\0349\220\363aÒq\221\331r\327iJ\370\222\212n\211\305H\n\002\264\261\273\020\333\003I\025\005r\243C\\\206K|p\237\3115\251\370\201\216\214\034%\363\354|\265\301=7\nR\336g\220\236\372\227\210W\243>\231\r\030\254*?\253\266OG5*\321\310\373\321\030\022\367\274\270\260\243\234\363A\234\027!U\226\0310\304\020\200\214gS\006\313䰵\372\224\177X\023ih;8\224H\254\252\202T\ttG\222:\027\005doz\030:ID^\211\341\005'\262\037", <incomplete sequence \346>, ciphertext_out=0x5e8f4db39570 "C\025\005PS\227b/\207\245\300\305䦕\3770u\337U\v\345\354p\240\265\337}y\331\366\206&\253\366\374\363\340M\325N\254\257/j{\322ӹ\341\370\337\005Q\331\027\216J\265\362>\037cS\270<F\210\214\200R|>u\205\266[V\v0\224=\367\31511,\253\032]\005Y\263\006\352Q\357[\017\373\214\034\255\274\201\221P0՝\367\210\343\372d}\264_\256\n\372?\v3\331\327\0312(t\232\036\a\215\372 \267\266\236\2625i\226\232\367\213[vS\216AO1\253\017I\346\325\t\223\230m\3517\217\262W\301\266\371^\r\003Fq\364\261\255?\026Z\206\a\001Ԯ\0166\226Öld\003!h\200\206\326-"..., shared_secret_out=0x5e8f4db4aeb0 "\\te\214\246\352\232\004&\202o\201\023\270\325EE\341\226`\2061\006]\3628\272`\331\354L3") at cupqc_runtime.c:224
#6  0x000076ffc787353d in ossl_ml_kem_encap_rand () from /home/ubuntu/openssl-openssl-3.5.0/libcrypto.so.3
#7  0x000076ffc7a32480 in ml_kem_encapsulate () from /home/ubuntu/openssl-openssl-3.5.0/libcrypto.so.3
#8  0x00005e8f46335575 in gpu_worker (arg=0x7fff9f60d184) at benchmark_pqc.c:40
#9  0x000076ffc729caa4 in start_thread (arg=<optimized out>) at ./nptl/pthread_create.c:447
#10 0x000076ffc7329c6c in clone3 () at ../sysdeps/unix/sysv/linux/x86_64/clone3.S:78

Thread 4 (Thread 0x76ff58c93000 (LWP 4981) "benchmark_pqc"):
#0  0x000076ffc7298d71 in __futex_abstimed_wait_common64 (private=0, cancel=true, abstime=0x0, op=393, expected=0, futex_word=0x76ffc75bcaf8 <global_queue+411480>) at ./nptl/futex-internal.c:57
#1  __futex_abstimed_wait_common (cancel=true, private=0, abstime=0x0, clockid=0, expected=0, futex_word=0x76ffc75bcaf8 <global_queue+411480>) at ./nptl/futex-internal.c:87
#2  __GI___futex_abstimed_wait_cancelable64 (futex_word=futex_word@entry=0x76ffc75bcaf8 <global_queue+411480>, expected=expected@entry=0, clockid=clockid@entry=0, abstime=abstime@entry=0x0, private=private@entry=0) at ./nptl/futex-internal.c:139
#3  0x000076ffc729b7ed in __pthread_cond_wait_common (abstime=0x0, clockid=0, mutex=0x76ffc75bcaa8 <global_queue+411400>, cond=0x76ffc75bcad0 <global_queue+411440>) at ./nptl/pthread_cond_wait.c:503
#4  ___pthread_cond_wait (cond=0x76ffc75bcad0 <global_queue+411440>, mutex=0x76ffc75bcaa8 <global_queue+411400>) at ./nptl/pthread_cond_wait.c:627
#5  0x000076ffc746c132 in cupqc_submit_encap_job (public_key=0x76ff58c8f310 "l\023\2379\200\300\020\021\023\276\0349\220\363aÒq\221\331r\327iJ\370\222\212n\211\305H\n\002\264\261\273\020\333\003I\025\005r\243C\\\206K|p\237\3115\251\370\201\216\214\034%\363\354|\265\301=7\nR\336g\220\236\372\227\210W\243>\231\r\030\254*?\253\266OG5*\321\310\373\321\030\022\367\274\270\260\243\234\363A\234\027!U\226\0310\304\020\200\214gS\006\313䰵\372\224\177X\023ih;8\224H\254\252\202T\ttG\222:\027\005doz\030:ID^\211\341\005'\262\037", <incomplete sequence \346>, randomness=0x76ff58c8f2f0 "I\214g\2277ۗ\256", ciphertext_out=0x76ff88024d80 "\377|E>K\325\021(\374\030\217\261B\272?\207\020V\276\362ft\213\336\321ĵ\033\276b\270!\352\227c\314a\271\237\263\023\273\275\353V1\261ln\3401.\337\023\237\030a#Z@\253i\301A\204BBdX\371\230\233BU\317\317\316\344xJ\344%ļ\366\f.\n\216\222\3679U\231\274\273\271\237\340n\247\027&\336\266&\247\f\376\002\245\250`t\3373\350uɡ\217\216+̸\257Ym\232\3500\030v\275\320;\270(\217\005u\036X\215K\235\310u\357\273'&\265\334l\a[>a\202&\342\2448\2513+S:\267\231\027V\201\271\367(b\223\305T\r\230\302m\333X\005P\0266\246\311g\342o\033꤉"..., shared_secret_out=0x76ff8802a8b0 ".`\373\017\023I\342\340\016~\301Moi㯶\254\313I\230\231\005\256\320#\223\024\363VY\252") at cupqc_runtime.c:224
#6  0x000076ffc787353d in ossl_ml_kem_encap_rand () from /home/ubuntu/openssl-openssl-3.5.0/libcrypto.so.3
#7  0x000076ffc7a32480 in ml_kem_encapsulate () from /home/ubuntu/openssl-openssl-3.5.0/libcrypto.so.3
#8  0x00005e8f46335575 in gpu_worker (arg=0x7fff9f60d184) at benchmark_pqc.c:40
#9  0x000076ffc729caa4 in start_thread (arg=<optimized out>) at ./nptl/pthread_create.c:447
#10 0x000076ffc7329c6c in clone3 () at ../sysdeps/unix/sysv/linux/x86_64/clone3.S:78

Thread 3 (Thread 0x76ff58c11000 (LWP 4983) "benchmark_pqc"):
#0  0x000076ffc7298d71 in __futex_abstimed_wait_common64 (private=0, cancel=true, abstime=0x0, op=393, expected=0, futex_word=0x76ffc75b4db8 <global_queue+379416>) at ./nptl/futex-internal.c:57
#1  __futex_abstimed_wait_common (cancel=true, private=0, abstime=0x0, clockid=0, expected=0, futex_word=0x76ffc75b4db8 <global_queue+379416>) at ./nptl/futex-internal.c:87
#2  __GI___futex_abstimed_wait_cancelable64 (futex_word=futex_word@entry=0x76ffc75b4db8 <global_queue+379416>, expected=expected@entry=0, clockid=clockid@entry=0, abstime=abstime@entry=0x0, private=private@entry=0) at ./nptl/futex-internal.c:139
#3  0x000076ffc729b7ed in __pthread_cond_wait_common (abstime=0x0, clockid=0, mutex=0x76ffc75b4d68 <global_queue+379336>, cond=0x76ffc75b4d90 <global_queue+379376>) at ./nptl/pthread_cond_wait.c:503
#4  ___pthread_cond_wait (cond=0x76ffc75b4d90 <global_queue+379376>, mutex=0x76ffc75b4d68 <global_queue+379336>) at ./nptl/pthread_cond_wait.c:627
#5  0x000076ffc746c132 in cupqc_submit_encap_job (public_key=0x76ff58c0d310 "l\023\2379\200\300\020\021\023\276\0349\220\363aÒq\221\331r\327iJ\370\222\212n\211\305H\n\002\264\261\273\020\333\003I\025\005r\243C\\\206K|p\237\3115\251\370\201\216\214\034%\363\354|\265\301=7\nR\336g\220\236\372\227\210W\243>\231\r\030\254*?\253\266OG5*\321\310\373\321\030\022\367\274\270\260\243\234\363A\234\027!U\226\0310\304\020\200\214gS\006\313䰵\372\224\177X\023ih;8\224H\254\252\202T\ttG\222:\027\005doz\030:ID^\211\341\005'\262\037", <incomplete sequence \346>, randomness=0x76ff58c0d2f0 "\216\024\213\226z\313Id\202\220\365\347\300t\362\3652mЂ\377\r;\v\373k\225-\312\310(\351l\023\2379\200\300\020\021\023\276\0349\220\363aÒq\221\331r\327iJ\370\222\212n\211\305H\n\002\264\261\273\020\333\003I\025\005r\243C\\\206K|p\237\3115\251\370\201\216\214\034%\363\354|\265\301=7\nR\336g\220\236\372\227\210W\243>\231\r\030\254*?\253\266OG5*\321\310\373\321\030\022\367\274\270\260\243\234\363A\234\027!U\226\0310\304\020\200\214gS\006\313䰵\372\224\177X\023ih;8\224H\254\252\202T\ttG\222:\027\005doz\030:ID^\211\341\005'\262\037", <incomplete sequence \346>, ciphertext_out=0x76ff480184c0 "\377\033\030b`TtȐ\361\340mQS\221\213%\236\3720\320hO\"ú,@(ʅ\326\017)\026\322ɥ)s\210h\022j\303aܾ\257,\243\211\242\vl\025\206\023Ҫ]T\315hm\226\247$?\222{\314\357BC˲_:{\263\004Zע\240\275\212\316\302\021\211\363\353\273\351\273\315W,A\256\352ó\203\203\2226\224T\270T\244\257<\254\243Qc \"\034\314,\177\345\265\357\v:\311;?Q\377\336\273\251\350", <incomplete sequence \313>, shared_secret_out=0x76ff480035b0 "\344^\205\024\306cȜ\213\257;\270w\0047|\361\215\217+ϑ\237\024\346\020\373\327\210\273B\271") at cupqc_runtime.c:224
#6  0x000076ffc787353d in ossl_ml_kem_encap_rand () from /home/ubuntu/openssl-openssl-3.5.0/libcrypto.so.3
#7  0x000076ffc7a32480 in ml_kem_encapsulate () from /home/ubuntu/openssl-openssl-3.5.0/libcrypto.so.3
#8  0x00005e8f46335575 in gpu_worker (arg=0x7fff9f60d184) at benchmark_pqc.c:40
#9  0x000076ffc729caa4 in start_thread (arg=<optimized out>) at ./nptl/pthread_create.c:447
#10 0x000076ffc7329c6c in clone3 () at ../sysdeps/unix/sysv/linux/x86_64/clone3.S:78

Thread 2 (Thread 0x76ff587c0000 (LWP 5000) "benchmark_pqc"):
#0  0x000076ffc7298d71 in __futex_abstimed_wait_common64 (private=0, cancel=true, abstime=0x0, op=393, expected=0, futex_word=0x76ffc75d2dd8 <global_queue+502328>) at ./nptl/futex-internal.c:57
#1  __futex_abstimed_wait_common (cancel=true, private=0, abstime=0x0, clockid=0, expected=0, futex_word=0x76ffc75d2dd8 <global_queue+502328>) at ./nptl/futex-internal.c:87
#2  __GI___futex_abstimed_wait_cancelable64 (futex_word=futex_word@entry=0x76ffc75d2dd8 <global_queue+502328>, expected=expected@entry=0, clockid=clockid@entry=0, abstime=abstime@entry=0x0, private=private@entry=0) at ./nptl/futex-internal.c:139
#3  0x000076ffc729b7ed in __pthread_cond_wait_common (abstime=0x0, clockid=0, mutex=0x76ffc75d2d88 <global_queue+502248>, cond=0x76ffc75d2db0 <global_queue+502288>) at ./nptl/pthread_cond_wait.c:503
#4  ___pthread_cond_wait (cond=0x76ffc75d2db0 <global_queue+502288>, mutex=0x76ffc75d2d88 <global_queue+502248>) at ./nptl/pthread_cond_wait.c:627
#5  0x000076ffc746c132 in cupqc_submit_encap_job (public_key=0x76ff587bc310 "l\023\2379\200\300\020\021\023\276\0349\220\363aÒq\221\331r\327iJ\370\222\212n\211\305H\n\002\264\261\273\020\333\003I\025\005r\243C\\\206K|p\237\3115\251\370\201\216\214\034%\363\354|\265\301=7\nR\336g\220\236\372\227\210W\243>\231\r\030\254*?\253\266OG5*\321\310\373\321\030\022\367\274\270\260\243\234\363A\234\027!U\226\0310\304\020\200\214gS\006\313䰵\372\224\177X\023ih;8\224H\254\252\202T\ttG\222:\027\005doz\030:ID^\211\341\005'\262\037", <incomplete sequence \346>, randomness=0x76ff587bc2f0 "\230\221\333d=\346\370b\005\205\311m*\256\006\376\032\226\031\310r9`X\bba\030u\350\354\237l\023\2379\200\300\020\021\023\276\0349\220\363aÒq\221\331r\327iJ\370\222\212n\211\305H\n\002\264\261\273\020\333\003I\025\005r\243C\\\206K|p\237\3115\251\370\201\216\214\034%\363\354|\265\301=7\nR\336g\220\236\372\227\210W\243>\231\r\030\254*?\253\266OG5*\321\310\373\321\030\022\367\274\270\260\243\234\363A\234\027!U\226\0310\304\020\200\214gS\006\313䰵\372\224\177X\023ih;8\224H\254\252\202T\ttG\222:\027\005doz\030:ID^\211\341\005'\262\037", <incomplete sequence \346>, ciphertext_out=0x76ff940198d0 ">\211%\242\254\377\001\224\337b(Go\370\020?\364IƢ\030\026\016\221y\264\252!T\205q\bm(\327ٟ\3570K\300\346\205\340\224\276%\247\320Q\370\336\352\350ſ(\220\201\351\234\032\337wp\367\026", shared_secret_out=0x76ff9400a9a0 "\243`\263\350\234\351\b\337\3418\026\035\327L\306=\265,\312ͥ+\006uÓ\036S6\215\0276") at cupqc_runtime.c:224
#6  0x000076ffc787353d in ossl_ml_kem_encap_rand () from /home/ubuntu/openssl-openssl-3.5.0/libcrypto.so.3
#7  0x000076ffc7a32480 in ml_kem_encapsulate () from /home/ubuntu/openssl-openssl-3.5.0/libcrypto.so.3
#8  0x00005e8f46335575 in gpu_worker (arg=0x7fff9f60d184) at benchmark_pqc.c:40
#9  0x000076ffc729caa4 in start_thread (arg=<optimized out>) at ./nptl/pthread_create.c:447
#10 0x000076ffc7329c6c in clone3 () at ../sysdeps/unix/sysv/linux/x86_64/clone3.S:78

Thread 1 (Thread 0x76ffc7c42000 (LWP 4732) "benchmark_pqc"):
#0  0x000076ffc7298d71 in __futex_abstimed_wait_common64 (private=128, cancel=true, abstime=0x0, op=265, expected=4750, futex_word=0x76ffb41482d0) at ./nptl/futex-internal.c:57
#1  __futex_abstimed_wait_common (cancel=true, private=128, abstime=0x0, clockid=0, expected=4750, futex_word=0x76ffb41482d0) at ./nptl/futex-internal.c:87
#2  __GI___futex_abstimed_wait_cancelable64 (futex_word=futex_word@entry=0x76ffb41482d0, expected=4750, clockid=clockid@entry=0, abstime=abstime@entry=0x0, private=private@entry=128) at ./nptl/futex-internal.c:139
#3  0x000076ffc729e7a3 in __pthread_clockjoin_ex (threadid=130840609980416, thread_return=0x0, clockid=0, abstime=0x0, block=<optimized out>) at ./nptl/pthread_join_common.c:102
#4  0x00005e8f463357a7 in main () at benchmark_pqc.c:82

Thread 16 (Thread 0x76ffc0bff000 (LWP 4733) "cuda00001400006"):
#0  0x000076ffc731b4fd in __GI___poll (fds=0x5e8f4d021bc0, nfds=3, timeout=-1) at ../sysdeps/unix/sysv/linux/poll.c:29
#1  0x000076ffc0f1ce27 in ?? () from /lib/x86_64-linux-gnu/libcuda.so.1
#2  0x000076ffc100c5f7 in ?? () from /lib/x86_64-linux-gnu/libcuda.so.1
#3  0x000076ffc0f08bb3 in ?? () from /lib/x86_64-linux-gnu/libcuda.so.1
#4  0x000076ffc729caa4 in start_thread (arg=<optimized out>) at ./nptl/pthread_create.c:447
#5  0x000076ffc7329c6c in clone3 () at ../sysdeps/unix/sysv/linux/x86_64/clone3.S:78

Thread 15 (Thread 0x76ffb4dde000 (LWP 4741) "cuda-EvtHandlr"):
#0  0x000076ffc731b4fd in __GI___poll (fds=0x76ffb0000c20, nfds=11, timeout=100) at ../sysdeps/unix/sysv/linux/poll.c:29
#1  0x000076ffc0f1ce27 in ?? () from /lib/x86_64-linux-gnu/libcuda.so.1
#2  0x000076ffc100c5f7 in ?? () from /lib/x86_64-linux-gnu/libcuda.so.1
#3  0x000076ffc0f08bb3 in ?? () from /lib/x86_64-linux-gnu/libcuda.so.1
#4  0x000076ffc729caa4 in start_thread (arg=<optimized out>) at ./nptl/pthread_create.c:447
#5  0x000076ffc7329c6c in clone3 () at ../sysdeps/unix/sysv/linux/x86_64/clone3.S:78

Thread 14 (Thread 0x76ffb4148000 (LWP 4750) "benchmark_pqc"):
#0  0x000076ffc7298d71 in __futex_abstimed_wait_common64 (private=0, cancel=true, abstime=0x0, op=393, expected=0, futex_word=0x76ffc75d28a0 <global_queue+500992>) at ./nptl/futex-internal.c:57
#1  __futex_abstimed_wait_common (cancel=true, private=0, abstime=0x0, clockid=0, expected=0, futex_word=0x76ffc75d28a0 <global_queue+500992>) at ./nptl/futex-internal.c:87
#2  __GI___futex_abstimed_wait_cancelable64 (futex_word=futex_word@entry=0x76ffc75d28a0 <global_queue+500992>, expected=expected@entry=0, clockid=clockid@entry=0, abstime=abstime@entry=0x0, private=private@entry=0) at ./nptl/futex-internal.c:139
#3  0x000076ffc729b7ed in __pthread_cond_wait_common (abstime=0x0, clockid=0, mutex=0x76ffc75d2850 <global_queue+500912>, cond=0x76ffc75d2878 <global_queue+500952>) at ./nptl/pthread_cond_wait.c:503
#4  ___pthread_cond_wait (cond=0x76ffc75d2878 <global_queue+500952>, mutex=0x76ffc75d2850 <global_queue+500912>) at ./nptl/pthread_cond_wait.c:627
#5  0x000076ffc746c132 in cupqc_submit_encap_job (public_key=0x76ffb4144310 "l\023\2379\200\300\020\021\023\276\0349\220\363aÒq\221\331r\327iJ\370\222\212n\211\305H\n\002\264\261\273\020\333\003I\025\005r\243C\\\206K|p\237\3115\251\370\201\216\214\034%\363\354|\265\301=7\nR\336g\220\236\372\227\210W\243>\231\r\030\254*?\253\266OG5*\321\310\373\321\030\022\367\274\270\260\243\234\363A\234\027!U\226\0310\304\020\200\214gS\006\313䰵\372\224\177X\023ih;8\224H\254\252\202T\ttG\222:\027\005doz\030:ID^\211\341\005'\262\037", <incomplete sequence \346>, randomness=0x76ffb41442f0 ",\203\003f\337I\"\023\316\200\204\222>{\002\256t\255F\375/\257R{\376\253\246@\\M\320\344l\023\2379\200\300\020\021\023\276\0349\220\363aÒq\221\331r\327iJ\370\222\212n\211\305H\n\002\264\261\273\020\333\003I\025\005r\243C\\\206K|p\237\3115\251\370\201\216\214\034%\363\354|\265\301=7\nR\336g\220\236\372\227\210W\243>\231\r\030\254*?\253\266OG5*\321\310\373\321\030\022\367\274\270\260\243\234\363A\234\027!U\226\0310\304\020\200\214gS\006\313䰵\372\224\177X\023ih;8\224H\254\252\202T\ttG\222:\027\005doz\030:ID^\211\341\005'\262\037", <incomplete sequence \346>, ciphertext_out=0x76ff8c01ac90 "\215\277\337}U\242\226\003\345\335\v]v\003\346\263\026ٖ\210\357k\017\0232\334$\341\302\004\035\216\2235\342\377+Qw\337\332\r \177S\343\222g\227ђU>\351a1z\376U\347*}\274\351\217\v8\\\b\216P\344\236ն\035=[\001\303\303\336PD\002L\334w\234\375\271\347ѳ\224=\032\373lM\300ҹ\257\225\201\347\001\027\240\024\226\021\276\311,Њ\3379+\375\231\263\211:\034\025\265\t)T\232\3132\214m\275\272\352,O5@\342\364z\341Ha=\356Pm9\377\204\r\251-\002L\206\236_\347+\341\206\027~ؤ\374\a\217\221x?\223r'b\210\001D4ƛ\355u\025\021\270\312\023z.\341\001"..., shared_secret_out=0x76ff8c005980 "ߍ7(\377C\342\302\004$H\324k\270\rƘh\027\323a͞\260\273\316\017Z\275G\236S") at cupqc_runtime.c:224
#6  0x000076ffc787353d in ossl_ml_kem_encap_rand () from /home/ubuntu/openssl-openssl-3.5.0/libcrypto.so.3
#7  0x000076ffc7a32480 in ml_kem_encapsulate () from /home/ubuntu/openssl-openssl-3.5.0/libcrypto.so.3
#8  0x00005e8f46335575 in gpu_worker (arg=0x7fff9f60d184) at benchmark_pqc.c:40
#9  0x000076ffc729caa4 in start_thread (arg=<optimized out>) at ./nptl/pthread_create.c:447
#10 0x000076ffc7329c6c in clone3 () at ../sysdeps/unix/sysv/linux/x86_64/clone3.S:78

Thread 13 (Thread 0x76ffb40c6000 (LWP 4752) "benchmark_pqc"):
#0  0x000076ffc7298d71 in __futex_abstimed_wait_common64 (private=0, cancel=true, abstime=0x0, op=393, expected=0, futex_word=0x76ffc75c0460 <global_queue+426176>) at ./nptl/futex-internal.c:57
#1  __futex_abstimed_wait_common (cancel=true, private=0, abstime=0x0, clockid=0, expected=0, futex_word=0x76ffc75c0460 <global_queue+426176>) at ./nptl/futex-internal.c:87
#2  __GI___futex_abstimed_wait_cancelable64 (futex_word=futex_word@entry=0x76ffc75c0460 <global_queue+426176>, expected=expected@entry=0, clockid=clockid@entry=0, abstime=abstime@entry=0x0, private=private@entry=0) at ./nptl/futex-internal.c:139
#3  0x000076ffc729b7ed in __pthread_cond_wait_common (abstime=0x0, clockid=0, mutex=0x76ffc75c0410 <global_queue+426096>, cond=0x76ffc75c0438 <global_queue+426136>) at ./nptl/pthread_cond_wait.c:503
#4  ___pthread_cond_wait (cond=0x76ffc75c0438 <global_queue+426136>, mutex=0x76ffc75c0410 <global_queue+426096>) at ./nptl/pthread_cond_wait.c:627
#5  0x000076ffc746c132 in cupqc_submit_encap_job (public_key=0x76ffb40c2310 "l\023\2379\200\300\020\021\023\276\0349\220\363aÒq\221\331r\327iJ\370\222\212n\211\305H\n\002\264\261\273\020\333\003I\025\005r\243C\\\206K|p\237\3115\251\370\201\216\214\034%\363\354|\265\301=7\nR\336g\220\236\372\227\210W\243>\231\r\030\254*?\253\266OG5*\321\310\373\321\030\022\367\274\270\260\243\234\363A\234\027!U\226\0310\304\020\200\214gS\006\313䰵\372\224\177X\023ih;8\224H\254\252\202T\ttG\222:\027\005doz\030:ID^\211\341\005'\262\037", <incomplete sequence \346>, randomness=0x76ffb40c22f0 "\250>\036\016\310\v\316\310\330)\364&\334O\035\261\0361zf\315\301rN\f\221\377\340\276s$\315l\023\2379\200\300\020\021\023\276\0349\220\363aÒq\221\331r\327iJ\370\222\212n\211\305H\n\002\264\261\273\020\333\003I\025\005r\243C\\\206K|p\237\3115\251\370\201\216\214\034%\363\354|\265\301=7\nR\336g\220\236\372\227\210W\243>\231\r\030\254*?\253\266OG5*\321\310\373\321\030\022\367\274\270\260\243\234\363A\234\027!U\226\0310\304\020\200\214gS\006\313䰵\372\224\177X\023ih;8\224H\254\252\202T\ttG\222:\027\005doz\030:ID^\211\341\005'\262\037", <incomplete sequence \346>, ciphertext_out=0x76ff8400d0a0 "\237l\307kʰ\303\355C`&\235\216\376\265B\366\303K\337$\342\353\214\351\227\316\327'\254\205\"\277\205\f\022_I&N\202\v\f\277\023\251\247\251\347z\366\233\240\223\005\274\035\327ɮ\324\355$\035e-rV\245\231\202Ob\247d3\271[\344\275\355\376-\277s\231\236\252Cv\205\341\2236\267Y0N\226\23091ą\264~\336̅\026H\327\2545\t\332R^\357\325?\237\267m\366\220`+\033dF\001_\340\200W\343i\004\214\030=\037\224\211\214>o\365֗\273\177\032\211ءw\036\264\214\003\203(I\276\247ڊ\024\376QHlg\376\377\343ī\363\030|\250`\205ɺ\\\362\016?Tyl\177S\371", <incomplete sequence \364>..., shared_secret_out=0x76ff84005660 "\242w\323\337\361\022\363ܕ\036\a\2026u\352?j\"<\256\254\351m\233>\350\234z\234=\b&") at cupqc_runtime.c:224
#6  0x000076ffc787353d in ossl_ml_kem_encap_rand () from /home/ubuntu/openssl-openssl-3.5.0/libcrypto.so.3
#7  0x000076ffc7a32480 in ml_kem_encapsulate () from /home/ubuntu/openssl-openssl-3.5.0/libcrypto.so.3
#8  0x00005e8f46335575 in gpu_worker (arg=0x7fff9f60d184) at benchmark_pqc.c:40
#9  0x000076ffc729caa4 in start_thread (arg=<optimized out>) at ./nptl/pthread_create.c:447
#10 0x000076ffc7329c6c in clone3 () at ../sysdeps/unix/sysv/linux/x86_64/clone3.S:78

Thread 12 (Thread 0x76ff5ba69000 (LWP 4831) "benchmark_pqc"):
#0  0x000076ffc7298d71 in __futex_abstimed_wait_common64 (private=0, cancel=true, abstime=0x0, op=393, expected=0, futex_word=0x76ffc75e5218 <global_queue+577144>) at ./nptl/futex-internal.c:57
#1  __futex_abstimed_wait_common (cancel=true, private=0, abstime=0x0, clockid=0, expected=0, futex_word=0x76ffc75e5218 <global_queue+577144>) at ./nptl/futex-internal.c:87
#2  __GI___futex_abstimed_wait_cancelable64 (futex_word=futex_word@entry=0x76ffc75e5218 <global_queue+577144>, expected=expected@entry=0, clockid=clockid@entry=0, abstime=abstime@entry=0x0, private=private@entry=0) at ./nptl/futex-internal.c:139
#3  0x000076ffc729b7ed in __pthread_cond_wait_common (abstime=0x0, clockid=0, mutex=0x76ffc75e51c8 <global_queue+577064>, cond=0x76ffc75e51f0 <global_queue+577104>) at ./nptl/pthread_cond_wait.c:503
#4  ___pthread_cond_wait (cond=0x76ffc75e51f0 <global_queue+577104>, mutex=0x76ffc75e51c8 <global_queue+577064>) at ./nptl/pthread_cond_wait.c:627
#5  0x000076ffc746c132 in cupqc_submit_encap_job (public_key=0x76ff5ba65310 "l\023\2379\200\300\020\021\023\276\0349\220\363aÒq\221\331r\327iJ\370\222\212n\211\305H\n\002\264\261\273\020\333\003I\025\005r\243C\\\206K|p\237\3115\251\370\201\216\214\034%\363\354|\265\301=7\nR\336g\220\236\372\227\210W\243>\231\r\030\254*?\253\266OG5*\321\310\373\321\030\022\367\274\270\260\243\234\363A\234\027!U\226\0310\304\020\200\214gS\006\313䰵\372\224\177X\023ih;8\224H\254\252\202T\ttG\222:\027\005doz\030:ID^\211\341\005'\262\037", <incomplete sequence \346>, randomness=0x76ff5ba652f0 "\200\221p\262:\200\242\250\034Zf\237\364u&(\213\372|l>>\350\261۫\254L5\023\254\343l\023\2379\200\300\020\021\023\276\0349\220\363aÒq\221\331r\327iJ\370\222\212n\211\305H\n\002\264\261\273\020\333\003I\025\005r\243C\\\206K|p\237\3115\251\370\201\216\214\034%\363\354|\265\301=7\nR\336g\220\236\372\227\210W\243>\231\r\030\254*?\253\266OG5*\321\310\373\321\030\022\367\274\270\260\243\234\363A\234\027!U\226\0310\304\020\200\214gS\006\313䰵\372\224\177X\023ih;8\224H\254\252\202T\ttG\222:\027\005doz\030:ID^\211\341\005'\262\037", <incomplete sequence \346>, ciphertext_out=0x76ff880377b0 "Q3\232c\365y!\265\231\027\025\a\256\002\346\237\006\246hr\200%\017u\n\345\220İ\n#WK\036,&\222h\257VG\366\241[\304mƓ\373\230\247\256W6\325vў\024\373\356\202*}\021\346\235<\343\351\241'\b\305\034&4S<WY\344f\207\n?\362\3708Kz\317\314\346\301Wd]\371\250\363r_\t;4k4R\350\306\334}\364\266p*y`\f\362<q\243)d\032\211&\225\327,\240ޗd&\300ʂ\366\030\370\234\331(\v\005\362\320jvn\3271l\361\022;\374*)\316\314\352\3407\211\025^@D5?0\302D\243\316Od`{W\306o\022gύL\312\001f1\257\302\351\3502"..., shared_secret_out=0x76ff880257c0 "\006\234u\375\373\206\354\233o]\024kӧ\245\356>\333\327\300ͭ=\a:\214\3773\375\351", <incomplete sequence \352\201>) at cupqc_runtime.c:224
#6  0x000076ffc787353d in ossl_ml_kem_encap_rand () from /home/ubuntu/openssl-openssl-3.5.0/libcrypto.so.3
#7  0x000076ffc7a32480 in ml_kem_encapsulate () from /home/ubuntu/openssl-openssl-3.5.0/libcrypto.so.3
#8  0x00005e8f46335575 in gpu_worker (arg=0x7fff9f60d184) at benchmark_pqc.c:40
#9  0x000076ffc729caa4 in start_thread (arg=<optimized out>) at ./nptl/pthread_create.c:447
#10 0x000076ffc7329c6c in clone3 () at ../sysdeps/unix/sysv/linux/x86_64/clone3.S:78

Thread 11 (Thread 0x76ff5adb7000 (LWP 4880) "benchmark_pqc"):
#0  0x000076ffc7298d71 in __futex_abstimed_wait_common64 (private=30463, cancel=true, abstime=0x0, op=393, expected=0, futex_word=0x76ffc75ff404 <global_queue+684132>) at ./nptl/futex-internal.c:57
#1  __futex_abstimed_wait_common (cancel=true, private=30463, abstime=0x0, clockid=0, expected=0, futex_word=0x76ffc75ff404 <global_queue+684132>) at ./nptl/futex-internal.c:87
#2  __GI___futex_abstimed_wait_cancelable64 (futex_word=futex_word@entry=0x76ffc75ff404 <global_queue+684132>, expected=expected@entry=0, clockid=clockid@entry=0, abstime=abstime@entry=0x0, private=private@entry=0) at ./nptl/futex-internal.c:139
#3  0x000076ffc729b7ed in __pthread_cond_wait_common (abstime=0x0, clockid=0, mutex=0x76ffc75ff3b0 <global_queue+684048>, cond=0x76ffc75ff3d8 <global_queue+684088>) at ./nptl/pthread_cond_wait.c:503
#4  ___pthread_cond_wait (cond=0x76ffc75ff3d8 <global_queue+684088>, mutex=0x76ffc75ff3b0 <global_queue+684048>) at ./nptl/pthread_cond_wait.c:627
#5  0x000076ffc746bac6 in cupqc_batch_worker (arg=0x0) at cupqc_runtime.c:114
#6  0x000076ffc729caa4 in start_thread (arg=<optimized out>) at ./nptl/pthread_create.c:447
#7  0x000076ffc7329c6c in clone3 () at ../sysdeps/unix/sysv/linux/x86_64/clone3.S:78

Thread 10 (Thread 0x76ff59c92000 (LWP 4918) "benchmark_pqc"):
#0  0x000076ffc7298d71 in __futex_abstimed_wait_common64 (private=0, cancel=true, abstime=0x0, op=393, expected=0, futex_word=0x76ffc75d3848 <global_queue+505000>) at ./nptl/futex-internal.c:57
#1  __futex_abstimed_wait_common (cancel=true, private=0, abstime=0x0, clockid=0, expected=0, futex_word=0x76ffc75d3848 <global_queue+505000>) at ./nptl/futex-internal.c:87
#2  __GI___futex_abstimed_wait_cancelable64 (futex_word=futex_word@entry=0x76ffc75d3848 <global_queue+505000>, expected=expected@entry=0, clockid=clockid@entry=0, abstime=abstime@entry=0x0, private=private@entry=0) at ./nptl/futex-internal.c:139
#3  0x000076ffc729b7ed in __pthread_cond_wait_common (abstime=0x0, clockid=0, mutex=0x76ffc75d37f8 <global_queue+504920>, cond=0x76ffc75d3820 <global_queue+504960>) at ./nptl/pthread_cond_wait.c:503
#4  ___pthread_cond_wait (cond=0x76ffc75d3820 <global_queue+504960>, mutex=0x76ffc75d37f8 <global_queue+504920>) at ./nptl/pthread_cond_wait.c:627
#5  0x000076ffc746c132 in cupqc_submit_encap_job (public_key=0x76ff59c8e310 "l\023\2379\200\300\020\021\023\276\0349\220\363aÒq\221\331r\327iJ\370\222\212n\211\305H\n\002\264\261\273\020\333\003I\025\005r\243C\\\206K|p\237\3115\251\370\201\216\214\034%\363\354|\265\301=7\nR\336g\220\236\372\227\210W\243>\231\r\030\254*?\253\266OG5*\321\310\373\321\030\022\367\274\270\260\243\234\363A\234\027!U\226\0310\304\020\200\214gS\006\313䰵\372\224\177X\023ih;8\224H\254\252\202T\ttG\222:\027\005doz\030:ID^\211\341\005'\262\037", <incomplete sequence \346>, randomness=0x76ff59c8e2f0 "\347\252\325\302Ɇsdv\330\030.\254e\376\342\031t'^U\257\233n\023\242\347\001\265\352A\260l\023\2379\200\300\020\021\023\276\0349\220\363aÒq\221\331r\327iJ\370\222\212n\211\305H\n\002\264\261\273\020\333\003I\025\005r\243C\\\206K|p\237\3115\251\370\201\216\214\034%\363\354|\265\301=7\nR\336g\220\236\372\227\210W\243>\231\r\030\254*?\253\266OG5*\321\310\373\321\030\022\367\274\270\260\243\234\363A\234\027!U\226\0310\304\020\200\214gS\006\313䰵\372\224\177X\023ih;8\224H\254\252\202T\ttG\222:\027\005doz\030:ID^\211\341\005'\262\037", <incomplete sequence \346>, ciphertext_out=0x76ff34010ac0 "I\324yYP\354?", <incomplete sequence \334>, shared_secret_out=0x76ff34040310 "OY\025G\237u\225\320k\200\304t\347\331\362\331cp\250\204*W\260\020\224Y\354\314w\340\357", <incomplete sequence \343>) at cupqc_runtime.c:224
#6  0x000076ffc787353d in ossl_ml_kem_encap_rand () from /home/ubuntu/openssl-openssl-3.5.0/libcrypto.so.3
#7  0x000076ffc7a32480 in ml_kem_encapsulate () from /home/ubuntu/openssl-openssl-3.5.0/libcrypto.so.3
#8  0x00005e8f46335575 in gpu_worker (arg=0x7fff9f60d184) at benchmark_pqc.c:40
#9  0x000076ffc729caa4 in start_thread (arg=<optimized out>) at ./nptl/pthread_create.c:447
#10 0x000076ffc7329c6c in clone3 () at ../sysdeps/unix/sysv/linux/x86_64/clone3.S:78

Thread 9 (Thread 0x76ff59c10000 (LWP 4920) "benchmark_pqc"):
#0  0x000076ffc7298d71 in __futex_abstimed_wait_common64 (private=0, cancel=true, abstime=0x0, op=393, expected=0, futex_word=0x76ffc75cbb08 <global_queue+472936>) at ./nptl/futex-internal.c:57
#1  __futex_abstimed_wait_common (cancel=true, private=0, abstime=0x0, clockid=0, expected=0, futex_word=0x76ffc75cbb08 <global_queue+472936>) at ./nptl/futex-internal.c:87
#2  __GI___futex_abstimed_wait_cancelable64 (futex_word=futex_word@entry=0x76ffc75cbb08 <global_queue+472936>, expected=expected@entry=0, clockid=clockid@entry=0, abstime=abstime@entry=0x0, private=private@entry=0) at ./nptl/futex-internal.c:139
#3  0x000076ffc729b7ed in __pthread_cond_wait_common (abstime=0x0, clockid=0, mutex=0x76ffc75cbab8 <global_queue+472856>, cond=0x76ffc75cbae0 <global_queue+472896>) at ./nptl/pthread_cond_wait.c:503
#4  ___pthread_cond_wait (cond=0x76ffc75cbae0 <global_queue+472896>, mutex=0x76ffc75cbab8 <global_queue+472856>) at ./nptl/pthread_cond_wait.c:627
#5  0x000076ffc746c132 in cupqc_submit_encap_job (public_key=0x76ff59c0c310 "l\023\2379\200\300\020\021\023\276\0349\220\363aÒq\221\331r\327iJ\370\222\212n\211\305H\n\002\264\261\273\020\333\003I\025\005r\243C\\\206K|p\237\3115\251\370\201\216\214\034%\363\354|\265\301=7\nR\336g\220\236\372\227\210W\243>\231\r\030\254*?\253\266OG5*\321\310\373\321\030\022\367\274\270\260\243\234\363A\234\027!U\226\0310\304\020\200\214gS\006\313䰵\372\224\177X\023ih;8\224H\254\252\202T\ttG\222:\027\005doz\030:ID^\211\341\005'\262\037", <incomplete sequence \346>, randomness=0x76ff59c0c2f0 "\356T\237k\023?\021\326\306\300RӖc\3350\240I\314\344\373\353\235d@u\360lF\004|\025l\023\2379\200\300\020\021\023\276\0349\220\363aÒq\221\331r\327iJ\370\222\212n\211\305H\n\002\264\261\273\020\333\003I\025\005r\243C\\\206K|p\237\3115\251\370\201\216\214\034%\363\354|\265\301=7\nR\336g\220\236\372\227\210W\243>\231\r\030\254*?\253\266OG5*\321\310\373\321\030\022\367\274\270\260\243\234\363A\234\027!U\226\0310\304\020\200\214gS\006\313䰵\372\224\177X\023ih;8\224H\254\252\202T\ttG\222:\027\005doz\030:ID^\211\341\005'\262\037", <incomplete sequence \346>, ciphertext_out=0x76ff3002dfa0 "us?\264t\373 \247\t\020#\255\221R\356f[\340\340\226ۖ\340\315{Z\254\017S\304\006\207\363TY\253\321\f\212\336W\031\"\224\226tj\212\2003S\340\222.T0zF\004\240\005i\227kz,\304\024\020\263", shared_secret_out=0x76ff300267a0 "O\231\3700婰@\200F\232?\335z'*Y\233\327\341҉n+\034_\343\362\363N\261\225") at cupqc_runtime.c:224
#6  0x000076ffc787353d in ossl_ml_kem_encap_rand () from /home/ubuntu/openssl-openssl-3.5.0/libcrypto.so.3
#7  0x000076ffc7a32480 in ml_kem_encapsulate () from /home/ubuntu/openssl-openssl-3.5.0/libcrypto.so.3
#8  0x00005e8f46335575 in gpu_worker (arg=0x7fff9f60d184) at benchmark_pqc.c:40
#9  0x000076ffc729caa4 in start_thread (arg=<optimized out>) at ./nptl/pthread_create.c:447
#10 0x000076ffc7329c6c in clone3 () at ../sysdeps/unix/sysv/linux/x86_64/clone3.S:78

Thread 8 (Thread 0x76ff59a08000 (LWP 4928) "benchmark_pqc"):
#0  0x000076ffc7298d71 in __futex_abstimed_wait_common64 (private=0, cancel=true, abstime=0x0, op=393, expected=0, futex_word=0x76ffc75ca0f0 <global_queue+466256>) at ./nptl/futex-internal.c:57
#1  __futex_abstimed_wait_common (cancel=true, private=0, abstime=0x0, clockid=0, expected=0, futex_word=0x76ffc75ca0f0 <global_queue+466256>) at ./nptl/futex-internal.c:87
#2  __GI___futex_abstimed_wait_cancelable64 (futex_word=futex_word@entry=0x76ffc75ca0f0 <global_queue+466256>, expected=expected@entry=0, clockid=clockid@entry=0, abstime=abstime@entry=0x0, private=private@entry=0) at ./nptl/futex-internal.c:139
#3  0x000076ffc729b7ed in __pthread_cond_wait_common (abstime=0x0, clockid=0, mutex=0x76ffc75ca0a0 <global_queue+466176>, cond=0x76ffc75ca0c8 <global_queue+466216>) at ./nptl/pthread_cond_wait.c:503
#4  ___pthread_cond_wait (cond=0x76ffc75ca0c8 <global_queue+466216>, mutex=0x76ffc75ca0a0 <global_queue+466176>) at ./nptl/pthread_cond_wait.c:627
#5  0x000076ffc746c132 in cupqc_submit_encap_job (public_key=0x76ff59a04310 "l\023\2379\200\300\020\021\023\276\0349\220\363aÒq\221\331r\327iJ\370\222\212n\211\305H\n\002\264\261\273\020\333\003I\025\005r\243C\\\206K|p\237\3115\251\370\201\216\214\034%\363\354|\265\301=7\nR\336g\220\236\372\227\210W\243>\231\r\030\254*?\253\266OG5*\321\310\373\321\030\022\367\274\270\260\243\234\363A\234\027!U\226\0310\304\020\200\214gS\006\313䰵\372\224\177X\023ih;8\224H\254\252\202T\ttG\222:\027\005doz\030:ID^\211\341\005'\262\037", <incomplete sequence \346>, randomness=0x76ff59a042f0 "\t\b\263\034\223r\376د}\354\211D\aкF\020\214\337\030QZ\224;ly\264\245\274\241\335l\023\2379\200\300\020\021\023\276\0349\220\363aÒq\221\331r\327iJ\370\222\212n\211\305H\n\002\264\261\273\020\333\003I\025\005r\243C\\\206K|p\237\3115\251\370\201\216\214\034%\363\354|\265\301=7\nR\336g\220\236\372\227\210W\243>\231\r\030\254*?\253\266OG5*\321\310\373\321\030\022\367\274\270\260\243\234\363A\234\027!U\226\0310\304\020\200\214gS\006\313䰵\372\224\177X\023ih;8\224H\254\252\202T\ttG\222:\027\005doz\030:ID^\211\341\005'\262\037", <incomplete sequence \346>, ciphertext_out=0x76ff6c00ffd0 "\277j\342\370\226QD\203\024Be\377\033\217\250´Z\021\033\250[E\312e\226\t\vN\372\365ƚ\225", shared_secret_out=0x76ff6c02e5e0 "*\373\222\340\252Z(\367\247#\034\033iG^E\0212\006ȁ=\225F[\253~\300^\365<\202") at cupqc_runtime.c:224
#6  0x000076ffc787353d in ossl_ml_kem_encap_rand () from /home/ubuntu/openssl-openssl-3.5.0/libcrypto.so.3
#7  0x000076ffc7a32480 in ml_kem_encapsulate () from /home/ubuntu/openssl-openssl-3.5.0/libcrypto.so.3
#8  0x00005e8f46335575 in gpu_worker (arg=0x7fff9f60d184) at benchmark_pqc.c:40
#9  0x000076ffc729caa4 in start_thread (arg=<optimized out>) at ./nptl/pthread_create.c:447
#10 0x000076ffc7329c6c in clone3 () at ../sysdeps/unix/sysv/linux/x86_64/clone3.S:78

Thread 7 (Thread 0x76ff594f4000 (LWP 4948) "benchmark_pqc"):
#0  0x000076ffc7298d71 in __futex_abstimed_wait_common64 (private=0, cancel=true, abstime=0x0, op=393, expected=0, futex_word=0x76ffc75c1408 <global_queue+430184>) at ./nptl/futex-internal.c:57
#1  __futex_abstimed_wait_common (cancel=true, private=0, abstime=0x0, clockid=0, expected=0, futex_word=0x76ffc75c1408 <global_queue+430184>) at ./nptl/futex-internal.c:87
#2  __GI___futex_abstimed_wait_cancelable64 (futex_word=futex_word@entry=0x76ffc75c1408 <global_queue+430184>, expected=expected@entry=0, clockid=clockid@entry=0, abstime=abstime@entry=0x0, private=private@entry=0) at ./nptl/futex-internal.c:139
#3  0x000076ffc729b7ed in __pthread_cond_wait_common (abstime=0x0, clockid=0, mutex=0x76ffc75c13b8 <global_queue+430104>, cond=0x76ffc75c13e0 <global_queue+430144>) at ./nptl/pthread_cond_wait.c:503
#4  ___pthread_cond_wait (cond=0x76ffc75c13e0 <global_queue+430144>, mutex=0x76ffc75c13b8 <global_queue+430104>) at ./nptl/pthread_cond_wait.c:627
#5  0x000076ffc746c132 in cupqc_submit_encap_job (public_key=0x76ff594f0310 "l\023\2379\200\300\020\021\023\276\0349\220\363aÒq\221\331r\327iJ\370\222\212n\211\305H\n\002\264\261\273\020\333\003I\025\005r\243C\\\206K|p\237\3115\251\370\201\216\214\034%\363\354|\265\301=7\nR\336g\220\236\372\227\210W\243>\231\r\030\254*?\253\266OG5*\321\310\373\321\030\022\367\274\270\260\243\234\363A\234\027!U\226\0310\304\020\200\214gS\006\313䰵\372\224\177X\023ih;8\224H\254\252\202T\ttG\222:\027\005doz\030:ID^\211\341\005'\262\037", <incomplete sequence \346>, randomness=0x76ff594f02f0 "[܍\250\233\371\034`\270\240\247\346\200r\021HL1\373&\017}a,\271\371\004\274\244\\A\255l\023\2379\200\300\020\021\023\276\0349\220\363aÒq\221\331r\327iJ\370\222\212n\211\305H\n\002\264\261\273\020\333\003I\025\005r\243C\\\206K|p\237\3115\251\370\201\216\214\034%\363\354|\265\301=7\nR\336g\220\236\372\227\210W\243>\231\r\030\254*?\253\266OG5*\321\310\373\321\030\022\367\274\270\260\243\234\363A\234\027!U\226\0310\304\020\200\214gS\006\313䰵\372\224\177X\023ih;8\224H\254\252\202T\ttG\222:\027\005doz\030:ID^\211\341\005'\262\037", <incomplete sequence \346>, ciphertext_out=0x76ff40004560 "}\300I\\\302x|N$\177\247Xx_\237\346\n\264FW\360=~\274\257\v\263\037D\3325:H\r\251\274\273\335\375\363\020=R\355\2334\005~^\355\vUr\027\312\0234\205\212^\354\320R\324<\375\220c\356\246zg\210\222Dü\2356\263\024&\270A$\023<\2518Et5\031u\221\374E\335'\256\317\\ \006wv-\252\340$.\214\006\234\3447\031 ʮ\377\320\020\321\360E-,\372`a\345\254Ѹɫdb\fp\020t\005\035\026OA\371\312>ۓ\334\030\004\034|შo\005\314\177\300\371mŊ1n\205\nj\237o\373\331\352\036E\200\361\347\016\304\375\340#ž\346\037n\036f;!\253"..., shared_secret_out=0x76ff40015a60 "\374\"\275ƚ:Fc\332\022\266fi\271\242\361\0235\316\0252\350\315L\274\263\226ġR\262}") at cupqc_runtime.c:224
#6  0x000076ffc787353d in ossl_ml_kem_encap_rand () from /home/ubuntu/openssl-openssl-3.5.0/libcrypto.so.3
#7  0x000076ffc7a32480 in ml_kem_encapsulate () from /home/ubuntu/openssl-openssl-3.5.0/libcrypto.so.3
#8  0x00005e8f46335575 in gpu_worker (arg=0x7fff9f60d184) at benchmark_pqc.c:40
#9  0x000076ffc729caa4 in start_thread (arg=<optimized out>) at ./nptl/pthread_create.c:447
#10 0x000076ffc7329c6c in clone3 () at ../sysdeps/unix/sysv/linux/x86_64/clone3.S:78

Thread 6 (Thread 0x76ff58fe0000 (LWP 4968) "benchmark_pqc"):
#0  0x000076ffc7298d71 in __futex_abstimed_wait_common64 (private=0, cancel=true, abstime=0x0, op=393, expected=0, futex_word=0x76ffc75cef38 <global_queue+486296>) at ./nptl/futex-internal.c:57
#1  __futex_abstimed_wait_common (cancel=true, private=0, abstime=0x0, clockid=0, expected=0, futex_word=0x76ffc75cef38 <global_queue+486296>) at ./nptl/futex-internal.c:87
#2  __GI___futex_abstimed_wait_cancelable64 (futex_word=futex_word@entry=0x76ffc75cef38 <global_queue+486296>, expected=expected@entry=0, clockid=clockid@entry=0, abstime=abstime@entry=0x0, private=private@entry=0) at ./nptl/futex-internal.c:139
#3  0x000076ffc729b7ed in __pthread_cond_wait_common (abstime=0x0, clockid=0, mutex=0x76ffc75ceee8 <global_queue+486216>, cond=0x76ffc75cef10 <global_queue+486256>) at ./nptl/pthread_cond_wait.c:503
#4  ___pthread_cond_wait (cond=0x76ffc75cef10 <global_queue+486256>, mutex=0x76ffc75ceee8 <global_queue+486216>) at ./nptl/pthread_cond_wait.c:627
#5  0x000076ffc746c132 in cupqc_submit_encap_job (public_key=0x76ff58fdc310 "l\023\2379\200\300\020\021\023\276\0349\220\363aÒq\221\331r\327iJ\370\222\212n\211\305H\n\002\264\261\273\020\333\003I\025\005r\243C\\\206K|p\237\3115\251\370\201\216\214\034%\363\354|\265\301=7\nR\336g\220\236\372\227\210W\243>\231\r\030\254*?\253\266OG5*\321\310\373\321\030\022\367\274\270\260\243\234\363A\234\027!U\226\0310\304\020\200\214gS\006\313䰵\372\224\177X\023ih;8\224H\254\252\202T\ttG\222:\027\005doz\030:ID^\211\341\005'\262\037", <incomplete sequence \346>, randomness=0x76ff58fdc2f0 "\276\307\362?~D>N\003\230\252轱aԟ\254\207\326y5\340\004'V\027,b\004\236\027l\023\2379\200\300\020\021\023\276\0349\220\363aÒq\221\331r\327iJ\370\222\212n\211\305H\n\002\264\261\273\020\333\003I\025\005r\243C\\\206K|p\237\3115\251\370\201\216\214\034%\363\354|\265\301=7\nR\336g\220\236\372\227\210W\243>\231\r\030\254*?\253\266OG5*\321\310\373\321\030\022\367\274\270\260\243\234\363A\234\027!U\226\0310\304\020\200\214gS\006\313䰵\372\224\177X\023ih;8\224H\254\252\202T\ttG\222:\027\005doz\030:ID^\211\341\005'\262\037", <incomplete sequence \346>, ciphertext_out=0x76ff940123c0 "Y\352ĨI\243\356\032jT\361|\0062:j@\3506'\240I\236P\336+\210\016\331f\266\022K\225\245\310_\223,\304{\225\264R\177\204\203<h\317\r\303\305\033\250\242\224\245\364\216QcX<\344)X}\210\252_\247\316eiY\261Q9\300m\342|nq\371,}\202\200\234C].\342\241\364\330\026\231\2413\353v܈\2243\262\340\366\303`p\254vB\016'$\250\277\235b_\255\260\271=\203\213\326'髃\246\343ų?^\023\003Q\263\271\034jN\036\020xԁ\375", <incomplete sequence \365\221>, shared_secret_out=0x76ff9400bee0 "\242T\262q\211\177'r\305 \263\306\320\302\213&\273\327\317I\235\026\3441z\021IF\231\365\275g") at cupqc_runtime.c:224
#6  0x000076ffc787353d in ossl_ml_kem_encap_rand () from /home/ubuntu/openssl-openssl-3.5.0/libcrypto.so.3
#7  0x000076ffc7a32480 in ml_kem_encapsulate () from /home/ubuntu/openssl-openssl-3.5.0/libcrypto.so.3
#8  0x00005e8f46335575 in gpu_worker (arg=0x7fff9f60d184) at benchmark_pqc.c:40
#9  0x000076ffc729caa4 in start_thread (arg=<optimized out>) at ./nptl/pthread_create.c:447
#10 0x000076ffc7329c6c in clone3 () at ../sysdeps/unix/sysv/linux/x86_64/clone3.S:78

Thread 5 (Thread 0x76ff58d56000 (LWP 4978) "benchmark_pqc"):
#0  0x000076ffc7298d71 in __futex_abstimed_wait_common64 (private=0, cancel=true, abstime=0x0, op=393, expected=0, futex_word=0x76ffc75c0ed0 <global_queue+428848>) at ./nptl/futex-internal.c:57
#1  __futex_abstimed_wait_common (cancel=true, private=0, abstime=0x0, clockid=0, expected=0, futex_word=0x76ffc75c0ed0 <global_queue+428848>) at ./nptl/futex-internal.c:87
#2  __GI___futex_abstimed_wait_cancelable64 (futex_word=futex_word@entry=0x76ffc75c0ed0 <global_queue+428848>, expected=expected@entry=0, clockid=clockid@entry=0, abstime=abstime@entry=0x0, private=private@entry=0) at ./nptl/futex-internal.c:139
#3  0x000076ffc729b7ed in __pthread_cond_wait_common (abstime=0x0, clockid=0, mutex=0x76ffc75c0e80 <global_queue+428768>, cond=0x76ffc75c0ea8 <global_queue+428808>) at ./nptl/pthread_cond_wait.c:503
#4  ___pthread_cond_wait (cond=0x76ffc75c0ea8 <global_queue+428808>, mutex=0x76ffc75c0e80 <global_queue+428768>) at ./nptl/pthread_cond_wait.c:627
#5  0x000076ffc746c132 in cupqc_submit_encap_job (public_key=0x76ff58d52310 "l\023\2379\200\300\020\021\023\276\0349\220\363aÒq\221\331r\327iJ\370\222\212n\211\305H\n\002\264\261\273\020\333\003I\025\005r\243C\\\206K|p\237\3115\251\370\201\216\214\034%\363\354|\265\301=7\nR\336g\220\236\372\227\210W\243>\231\r\030\254*?\253\266OG5*\321\310\373\321\030\022\367\274\270\260\243\234\363A\234\027!U\226\0310\304\020\200\214gS\006\313䰵\372\224\177X\023ih;8\224H\254\252\202T\ttG\222:\027\005doz\030:ID^\211\341\005'\262\037", <incomplete sequence \346>, randomness=0x76ff58d522f0 "\302\033\343g\316\001\036YM\266\372\372\227\246\276\0062^A݇lL\340-6\306\355\306溉l\023\2379\200\300\020\021\023\276\0349\220\363aÒq\221\331r\327iJ\370\222\212n\211\305H\n\002\264\261\273\020\333\003I\025\005r\243C\\\206K|p\237\3115\251\370\201\216\214\034%\363\354|\265\301=7\nR\336g\220\236\372\227\210W\243>\231\r\030\254*?\253\266OG5*\321\310\373\321\030\022\367\274\270\260\243\234\363A\234\027!U\226\0310\304\020\200\214gS\006\313䰵\372\224\177X\023ih;8\224H\254\252\202T\ttG\222:\027\005doz\030:ID^\211\341\005'\262\037", <incomplete sequence \346>, ciphertext_out=0x5e8f4db39570 "C\025\005PS\227b/\207\245\300\305䦕\3770u\337U\v\345\354p\240\265\337}y\331\366\206&\253\366\374\363\340M\325N\254\257/j{\322ӹ\341\370\337\005Q\331\027\216J\265\362>\037cS\270<F\210\214\200R|>u\205\266[V\v0\224=\367\31511,\253\032]\005Y\263\006\352Q\357[\017\373\214\034\255\274\201\221P0՝\367\210\343\372d}\264_\256\n\372?\v3\331\327\0312(t\232\036\a\215\372 \267\266\236\2625i\226\232\367\213[vS\216AO1\253\017I\346\325\t\223\230m\3517\217\262W\301\266\371^\r\003Fq\364\261\255?\026Z\206\a\001Ԯ\0166\226Öld\003!h\200\206\326-"..., shared_secret_out=0x5e8f4db4aeb0 "\\te\214\246\352\232\004&\202o\201\023\270\325EE\341\226`\2061\006]\3628\272`\331\354L3") at cupqc_runtime.c:224
#6  0x000076ffc787353d in ossl_ml_kem_encap_rand () from /home/ubuntu/openssl-openssl-3.5.0/libcrypto.so.3
#7  0x000076ffc7a32480 in ml_kem_encapsulate () from /home/ubuntu/openssl-openssl-3.5.0/libcrypto.so.3
#8  0x00005e8f46335575 in gpu_worker (arg=0x7fff9f60d184) at benchmark_pqc.c:40
#9  0x000076ffc729caa4 in start_thread (arg=<optimized out>) at ./nptl/pthread_create.c:447
#10 0x000076ffc7329c6c in clone3 () at ../sysdeps/unix/sysv/linux/x86_64/clone3.S:78

Thread 4 (Thread 0x76ff58c93000 (LWP 4981) "benchmark_pqc"):
#0  0x000076ffc7298d71 in __futex_abstimed_wait_common64 (private=0, cancel=true, abstime=0x0, op=393, expected=0, futex_word=0x76ffc75bcaf8 <global_queue+411480>) at ./nptl/futex-internal.c:57
#1  __futex_abstimed_wait_common (cancel=true, private=0, abstime=0x0, clockid=0, expected=0, futex_word=0x76ffc75bcaf8 <global_queue+411480>) at ./nptl/futex-internal.c:87
#2  __GI___futex_abstimed_wait_cancelable64 (futex_word=futex_word@entry=0x76ffc75bcaf8 <global_queue+411480>, expected=expected@entry=0, clockid=clockid@entry=0, abstime=abstime@entry=0x0, private=private@entry=0) at ./nptl/futex-internal.c:139
#3  0x000076ffc729b7ed in __pthread_cond_wait_common (abstime=0x0, clockid=0, mutex=0x76ffc75bcaa8 <global_queue+411400>, cond=0x76ffc75bcad0 <global_queue+411440>) at ./nptl/pthread_cond_wait.c:503
#4  ___pthread_cond_wait (cond=0x76ffc75bcad0 <global_queue+411440>, mutex=0x76ffc75bcaa8 <global_queue+411400>) at ./nptl/pthread_cond_wait.c:627
#5  0x000076ffc746c132 in cupqc_submit_encap_job (public_key=0x76ff58c8f310 "l\023\2379\200\300\020\021\023\276\0349\220\363aÒq\221\331r\327iJ\370\222\212n\211\305H\n\002\264\261\273\020\333\003I\025\005r\243C\\\206K|p\237\3115\251\370\201\216\214\034%\363\354|\265\301=7\nR\336g\220\236\372\227\210W\243>\231\r\030\254*?\253\266OG5*\321\310\373\321\030\022\367\274\270\260\243\234\363A\234\027!U\226\0310\304\020\200\214gS\006\313䰵\372\224\177X\023ih;8\224H\254\252\202T\ttG\222:\027\005doz\030:ID^\211\341\005'\262\037", <incomplete sequence \346>, randomness=0x76ff58c8f2f0 "I\214g\2277ۗ\256", ciphertext_out=0x76ff88024d80 "\377|E>K\325\021(\374\030\217\261B\272?\207\020V\276\362ft\213\336\321ĵ\033\276b\270!\352\227c\314a\271\237\263\023\273\275\353V1\261ln\3401.\337\023\237\030a#Z@\253i\301A\204BBdX\371\230\233BU\317\317\316\344xJ\344%ļ\366\f.\n\216\222\3679U\231\274\273\271\237\340n\247\027&\336\266&\247\f\376\002\245\250`t\3373\350uɡ\217\216+̸\257Ym\232\3500\030v\275\320;\270(\217\005u\036X\215K\235\310u\357\273'&\265\334l\a[>a\202&\342\2448\2513+S:\267\231\027V\201\271\367(b\223\305T\r\230\302m\333X\005P\0266\246\311g\342o\033꤉"..., shared_secret_out=0x76ff8802a8b0 ".`\373\017\023I\342\340\016~\301Moi㯶\254\313I\230\231\005\256\320#\223\024\363VY\252") at cupqc_runtime.c:224
#6  0x000076ffc787353d in ossl_ml_kem_encap_rand () from /home/ubuntu/openssl-openssl-3.5.0/libcrypto.so.3
#7  0x000076ffc7a32480 in ml_kem_encapsulate () from /home/ubuntu/openssl-openssl-3.5.0/libcrypto.so.3
#8  0x00005e8f46335575 in gpu_worker (arg=0x7fff9f60d184) at benchmark_pqc.c:40
#9  0x000076ffc729caa4 in start_thread (arg=<optimized out>) at ./nptl/pthread_create.c:447
#10 0x000076ffc7329c6c in clone3 () at ../sysdeps/unix/sysv/linux/x86_64/clone3.S:78

Thread 3 (Thread 0x76ff58c11000 (LWP 4983) "benchmark_pqc"):
#0  0x000076ffc7298d71 in __futex_abstimed_wait_common64 (private=0, cancel=true, abstime=0x0, op=393, expected=0, futex_word=0x76ffc75b4db8 <global_queue+379416>) at ./nptl/futex-internal.c:57
#1  __futex_abstimed_wait_common (cancel=true, private=0, abstime=0x0, clockid=0, expected=0, futex_word=0x76ffc75b4db8 <global_queue+379416>) at ./nptl/futex-internal.c:87
#2  __GI___futex_abstimed_wait_cancelable64 (futex_word=futex_word@entry=0x76ffc75b4db8 <global_queue+379416>, expected=expected@entry=0, clockid=clockid@entry=0, abstime=abstime@entry=0x0, private=private@entry=0) at ./nptl/futex-internal.c:139
#3  0x000076ffc729b7ed in __pthread_cond_wait_common (abstime=0x0, clockid=0, mutex=0x76ffc75b4d68 <global_queue+379336>, cond=0x76ffc75b4d90 <global_queue+379376>) at ./nptl/pthread_cond_wait.c:503
#4  ___pthread_cond_wait (cond=0x76ffc75b4d90 <global_queue+379376>, mutex=0x76ffc75b4d68 <global_queue+379336>) at ./nptl/pthread_cond_wait.c:627
#5  0x000076ffc746c132 in cupqc_submit_encap_job (public_key=0x76ff58c0d310 "l\023\2379\200\300\020\021\023\276\0349\220\363aÒq\221\331r\327iJ\370\222\212n\211\305H\n\002\264\261\273\020\333\003I\025\005r\243C\\\206K|p\237\3115\251\370\201\216\214\034%\363\354|\265\301=7\nR\336g\220\236\372\227\210W\243>\231\r\030\254*?\253\266OG5*\321\310\373\321\030\022\367\274\270\260\243\234\363A\234\027!U\226\0310\304\020\200\214gS\006\313䰵\372\224\177X\023ih;8\224H\254\252\202T\ttG\222:\027\005doz\030:ID^\211\341\005'\262\037", <incomplete sequence \346>, randomness=0x76ff58c0d2f0 "\216\024\213\226z\313Id\202\220\365\347\300t\362\3652mЂ\377\r;\v\373k\225-\312\310(\351l\023\2379\200\300\020\021\023\276\0349\220\363aÒq\221\331r\327iJ\370\222\212n\211\305H\n\002\264\261\273\020\333\003I\025\005r\243C\\\206K|p\237\3115\251\370\201\216\214\034%\363\354|\265\301=7\nR\336g\220\236\372\227\210W\243>\231\r\030\254*?\253\266OG5*\321\310\373\321\030\022\367\274\270\260\243\234\363A\234\027!U\226\0310\304\020\200\214gS\006\313䰵\372\224\177X\023ih;8\224H\254\252\202T\ttG\222:\027\005doz\030:ID^\211\341\005'\262\037", <incomplete sequence \346>, ciphertext_out=0x76ff480184c0 "\377\033\030b`TtȐ\361\340mQS\221\213%\236\3720\320hO\"ú,@(ʅ\326\017)\026\322ɥ)s\210h\022j\303aܾ\257,\243\211\242\vl\025\206\023Ҫ]T\315hm\226\247$?\222{\314\357BC˲_:{\263\004Zע\240\275\212\316\302\021\211\363\353\273\351\273\315W,A\256\352ó\203\203\2226\224T\270T\244\257<\254\243Qc \"\034\314,\177\345\265\357\v:\311;?Q\377\336\273\251\350", <incomplete sequence \313>, shared_secret_out=0x76ff480035b0 "\344^\205\024\306cȜ\213\257;\270w\0047|\361\215\217+ϑ\237\024\346\020\373\327\210\273B\271") at cupqc_runtime.c:224
#6  0x000076ffc787353d in ossl_ml_kem_encap_rand () from /home/ubuntu/openssl-openssl-3.5.0/libcrypto.so.3
#7  0x000076ffc7a32480 in ml_kem_encapsulate () from /home/ubuntu/openssl-openssl-3.5.0/libcrypto.so.3
#8  0x00005e8f46335575 in gpu_worker (arg=0x7fff9f60d184) at benchmark_pqc.c:40
#9  0x000076ffc729caa4 in start_thread (arg=<optimized out>) at ./nptl/pthread_create.c:447
#10 0x000076ffc7329c6c in clone3 () at ../sysdeps/unix/sysv/linux/x86_64/clone3.S:78

Thread 2 (Thread 0x76ff587c0000 (LWP 5000) "benchmark_pqc"):
#0  0x000076ffc7298d71 in __futex_abstimed_wait_common64 (private=0, cancel=true, abstime=0x0, op=393, expected=0, futex_word=0x76ffc75d2dd8 <global_queue+502328>) at ./nptl/futex-internal.c:57
#1  __futex_abstimed_wait_common (cancel=true, private=0, abstime=0x0, clockid=0, expected=0, futex_word=0x76ffc75d2dd8 <global_queue+502328>) at ./nptl/futex-internal.c:87
#2  __GI___futex_abstimed_wait_cancelable64 (futex_word=futex_word@entry=0x76ffc75d2dd8 <global_queue+502328>, expected=expected@entry=0, clockid=clockid@entry=0, abstime=abstime@entry=0x0, private=private@entry=0) at ./nptl/futex-internal.c:139
#3  0x000076ffc729b7ed in __pthread_cond_wait_common (abstime=0x0, clockid=0, mutex=0x76ffc75d2d88 <global_queue+502248>, cond=0x76ffc75d2db0 <global_queue+502288>) at ./nptl/pthread_cond_wait.c:503
#4  ___pthread_cond_wait (cond=0x76ffc75d2db0 <global_queue+502288>, mutex=0x76ffc75d2d88 <global_queue+502248>) at ./nptl/pthread_cond_wait.c:627
#5  0x000076ffc746c132 in cupqc_submit_encap_job (public_key=0x76ff587bc310 "l\023\2379\200\300\020\021\023\276\0349\220\363aÒq\221\331r\327iJ\370\222\212n\211\305H\n\002\264\261\273\020\333\003I\025\005r\243C\\\206K|p\237\3115\251\370\201\216\214\034%\363\354|\265\301=7\nR\336g\220\236\372\227\210W\243>\231\r\030\254*?\253\266OG5*\321\310\373\321\030\022\367\274\270\260\243\234\363A\234\027!U\226\0310\304\020\200\214gS\006\313䰵\372\224\177X\023ih;8\224H\254\252\202T\ttG\222:\027\005doz\030:ID^\211\341\005'\262\037", <incomplete sequence \346>, randomness=0x76ff587bc2f0 "\230\221\333d=\346\370b\005\205\311m*\256\006\376\032\226\031\310r9`X\bba\030u\350\354\237l\023\2379\200\300\020\021\023\276\0349\220\363aÒq\221\331r\327iJ\370\222\212n\211\305H\n\002\264\261\273\020\333\003I\025\005r\243C\\\206K|p\237\3115\251\370\201\216\214\034%\363\354|\265\301=7\nR\336g\220\236\372\227\210W\243>\231\r\030\254*?\253\266OG5*\321\310\373\321\030\022\367\274\270\260\243\234\363A\234\027!U\226\0310\304\020\200\214gS\006\313䰵\372\224\177X\023ih;8\224H\254\252\202T\ttG\222:\027\005doz\030:ID^\211\341\005'\262\037", <incomplete sequence \346>, ciphertext_out=0x76ff940198d0 ">\211%\242\254\377\001\224\337b(Go\370\020?\364IƢ\030\026\016\221y\264\252!T\205q\bm(\327ٟ\3570K\300\346\205\340\224\276%\247\320Q\370\336\352\350ſ(\220\201\351\234\032\337wp\367\026", shared_secret_out=0x76ff9400a9a0 "\243`\263\350\234\351\b\337\3418\026\035\327L\306=\265,\312ͥ+\006uÓ\036S6\215\0276") at cupqc_runtime.c:224
#6  0x000076ffc787353d in ossl_ml_kem_encap_rand () from /home/ubuntu/openssl-openssl-3.5.0/libcrypto.so.3
#7  0x000076ffc7a32480 in ml_kem_encapsulate () from /home/ubuntu/openssl-openssl-3.5.0/libcrypto.so.3
#8  0x00005e8f46335575 in gpu_worker (arg=0x7fff9f60d184) at benchmark_pqc.c:40
#9  0x000076ffc729caa4 in start_thread (arg=<optimized out>) at ./nptl/pthread_create.c:447
#10 0x000076ffc7329c6c in clone3 () at ../sysdeps/unix/sysv/linux/x86_64/clone3.S:78

Thread 1 (Thread 0x76ffc7c42000 (LWP 4732) "benchmark_pqc"):
#0  0x000076ffc7298d71 in __futex_abstimed_wait_common64 (private=128, cancel=true, abstime=0x0, op=265, expected=4750, futex_word=0x76ffb41482d0) at ./nptl/futex-internal.c:57
#1  __futex_abstimed_wait_common (cancel=true, private=128, abstime=0x0, clockid=0, expected=4750, futex_word=0x76ffb41482d0) at ./nptl/futex-internal.c:87
#2  __GI___futex_abstimed_wait_cancelable64 (futex_word=futex_word@entry=0x76ffb41482d0, expected=4750, clockid=clockid@entry=0, abstime=abstime@entry=0x0, private=private@entry=128) at ./nptl/futex-internal.c:139
#3  0x000076ffc729e7a3 in __pthread_clockjoin_ex (threadid=130840609980416, thread_return=0x0, clockid=0, abstime=0x0, block=<optimized out>) at ./nptl/pthread_join_common.c:102
#4  0x00005e8f463357a7 in main () at benchmark_pqc.c:82

Thread 16 (Thread 0x76ffc0bff000 (LWP 4733) "cuda00001400006"):
#0  0x000076ffc731b4fd in __GI___poll (fds=0x5e8f4d021bc0, nfds=3, timeout=-1) at ../sysdeps/unix/sysv/linux/poll.c:29
#1  0x000076ffc0f1ce27 in ?? () from /lib/x86_64-linux-gnu/libcuda.so.1
#2  0x000076ffc100c5f7 in ?? () from /lib/x86_64-linux-gnu/libcuda.so.1
#3  0x000076ffc0f08bb3 in ?? () from /lib/x86_64-linux-gnu/libcuda.so.1
#4  0x000076ffc729caa4 in start_thread (arg=<optimized out>) at ./nptl/pthread_create.c:447
#5  0x000076ffc7329c6c in clone3 () at ../sysdeps/unix/sysv/linux/x86_64/clone3.S:78

Thread 15 (Thread 0x76ffb4dde000 (LWP 4741) "cuda-EvtHandlr"):
#0  0x000076ffc731b4fd in __GI___poll (fds=0x76ffb0000c20, nfds=11, timeout=100) at ../sysdeps/unix/sysv/linux/poll.c:29
#1  0x000076ffc0f1ce27 in ?? () from /lib/x86_64-linux-gnu/libcuda.so.1
#2  0x000076ffc100c5f7 in ?? () from /lib/x86_64-linux-gnu/libcuda.so.1
#3  0x000076ffc0f08bb3 in ?? () from /lib/x86_64-linux-gnu/libcuda.so.1
#4  0x000076ffc729caa4 in start_thread (arg=<optimized out>) at ./nptl/pthread_create.c:447
#5  0x000076ffc7329c6c in clone3 () at ../sysdeps/unix/sysv/linux/x86_64/clone3.S:78

Thread 14 (Thread 0x76ffb4148000 (LWP 4750) "benchmark_pqc"):
#0  0x000076ffc7298d71 in __futex_abstimed_wait_common64 (private=0, cancel=true, abstime=0x0, op=393, expected=0, futex_word=0x76ffc75d28a0 <global_queue+500992>) at ./nptl/futex-internal.c:57
#1  __futex_abstimed_wait_common (cancel=true, private=0, abstime=0x0, clockid=0, expected=0, futex_word=0x76ffc75d28a0 <global_queue+500992>) at ./nptl/futex-internal.c:87
#2  __GI___futex_abstimed_wait_cancelable64 (futex_word=futex_word@entry=0x76ffc75d28a0 <global_queue+500992>, expected=expected@entry=0, clockid=clockid@entry=0, abstime=abstime@entry=0x0, private=private@entry=0) at ./nptl/futex-internal.c:139
#3  0x000076ffc729b7ed in __pthread_cond_wait_common (abstime=0x0, clockid=0, mutex=0x76ffc75d2850 <global_queue+500912>, cond=0x76ffc75d2878 <global_queue+500952>) at ./nptl/pthread_cond_wait.c:503
#4  ___pthread_cond_wait (cond=0x76ffc75d2878 <global_queue+500952>, mutex=0x76ffc75d2850 <global_queue+500912>) at ./nptl/pthread_cond_wait.c:627
#5  0x000076ffc746c132 in cupqc_submit_encap_job (public_key=0x76ffb4144310 "l\023\2379\200\300\020\021\023\276\0349\220\363aÒq\221\331r\327iJ\370\222\212n\211\305H\n\002\264\261\273\020\333\003I\025\005r\243C\\\206K|p\237\3115\251\370\201\216\214\034%\363\354|\265\301=7\nR\336g\220\236\372\227\210W\243>\231\r\030\254*?\253\266OG5*\321\310\373\321\030\022\367\274\270\260\243\234\363A\234\027!U\226\0310\304\020\200\214gS\006\313䰵\372\224\177X\023ih;8\224H\254\252\202T\ttG\222:\027\005doz\030:ID^\211\341\005'\262\037", <incomplete sequence \346>, randomness=0x76ffb41442f0 ",\203\003f\337I\"\023\316\200\204\222>{\002\256t\255F\375/\257R{\376\253\246@\\M\320\344l\023\2379\200\300\020\021\023\276\0349\220\363aÒq\221\331r\327iJ\370\222\212n\211\305H\n\002\264\261\273\020\333\003I\025\005r\243C\\\206K|p\237\3115\251\370\201\216\214\034%\363\354|\265\301=7\nR\336g\220\236\372\227\210W\243>\231\r\030\254*?\253\266OG5*\321\310\373\321\030\022\367\274\270\260\243\234\363A\234\027!U\226\0310\304\020\200\214gS\006\313䰵\372\224\177X\023ih;8\224H\254\252\202T\ttG\222:\027\005doz\030:ID^\211\341\005'\262\037", <incomplete sequence \346>, ciphertext_out=0x76ff8c01ac90 "\215\277\337}U\242\226\003\345\335\v]v\003\346\263\026ٖ\210\357k\017\0232\334$\341\302\004\035\216\2235\342\377+Qw\337\332\r \177S\343\222g\227ђU>\351a1z\376U\347*}\274\351\217\v8\\\b\216P\344\236ն\035=[\001\303\303\336PD\002L\334w\234\375\271\347ѳ\224=\032\373lM\300ҹ\257\225\201\347\001\027\240\024\226\021\276\311,Њ\3379+\375\231\263\211:\034\025\265\t)T\232\3132\214m\275\272\352,O5@\342\364z\341Ha=\356Pm9\377\204\r\251-\002L\206\236_\347+\341\206\027~ؤ\374\a\217\221x?\223r'b\210\001D4ƛ\355u\025\021\270\312\023z.\341\001"..., shared_secret_out=0x76ff8c005980 "ߍ7(\377C\342\302\004$H\324k\270\rƘh\027\323a͞\260\273\316\017Z\275G\236S") at cupqc_runtime.c:224
#6  0x000076ffc787353d in ossl_ml_kem_encap_rand () from /home/ubuntu/openssl-openssl-3.5.0/libcrypto.so.3
#7  0x000076ffc7a32480 in ml_kem_encapsulate () from /home/ubuntu/openssl-openssl-3.5.0/libcrypto.so.3
#8  0x00005e8f46335575 in gpu_worker (arg=0x7fff9f60d184) at benchmark_pqc.c:40
#9  0x000076ffc729caa4 in start_thread (arg=<optimized out>) at ./nptl/pthread_create.c:447
#10 0x000076ffc7329c6c in clone3 () at ../sysdeps/unix/sysv/linux/x86_64/clone3.S:78

Thread 13 (Thread 0x76ffb40c6000 (LWP 4752) "benchmark_pqc"):
#0  0x000076ffc7298d71 in __futex_abstimed_wait_common64 (private=0, cancel=true, abstime=0x0, op=393, expected=0, futex_word=0x76ffc75c0460 <global_queue+426176>) at ./nptl/futex-internal.c:57
#1  __futex_abstimed_wait_common (cancel=true, private=0, abstime=0x0, clockid=0, expected=0, futex_word=0x76ffc75c0460 <global_queue+426176>) at ./nptl/futex-internal.c:87
#2  __GI___futex_abstimed_wait_cancelable64 (futex_word=futex_word@entry=0x76ffc75c0460 <global_queue+426176>, expected=expected@entry=0, clockid=clockid@entry=0, abstime=abstime@entry=0x0, private=private@entry=0) at ./nptl/futex-internal.c:139
#3  0x000076ffc729b7ed in __pthread_cond_wait_common (abstime=0x0, clockid=0, mutex=0x76ffc75c0410 <global_queue+426096>, cond=0x76ffc75c0438 <global_queue+426136>) at ./nptl/pthread_cond_wait.c:503
#4  ___pthread_cond_wait (cond=0x76ffc75c0438 <global_queue+426136>, mutex=0x76ffc75c0410 <global_queue+426096>) at ./nptl/pthread_cond_wait.c:627
#5  0x000076ffc746c132 in cupqc_submit_encap_job (public_key=0x76ffb40c2310 "l\023\2379\200\300\020\021\023\276\0349\220\363aÒq\221\331r\327iJ\370\222\212n\211\305H\n\002\264\261\273\020\333\003I\025\005r\243C\\\206K|p\237\3115\251\370\201\216\214\034%\363\354|\265\301=7\nR\336g\220\236\372\227\210W\243>\231\r\030\254*?\253\266OG5*\321\310\373\321\030\022\367\274\270\260\243\234\363A\234\027!U\226\0310\304\020\200\214gS\006\313䰵\372\224\177X\023ih;8\224H\254\252\202T\ttG\222:\027\005doz\030:ID^\211\341\005'\262\037", <incomplete sequence \346>, randomness=0x76ffb40c22f0 "\250>\036\016\310\v\316\310\330)\364&\334O\035\261\0361zf\315\301rN\f\221\377\340\276s$\315l\023\2379\200\300\020\021\023\276\0349\220\363aÒq\221\331r\327iJ\370\222\212n\211\305H\n\002\264\261\273\020\333\003I\025\005r\243C\\\206K|p\237\3115\251\370\201\216\214\034%\363\354|\265\301=7\nR\336g\220\236\372\227\210W\243>\231\r\030\254*?\253\266OG5*\321\310\373\321\030\022\367\274\270\260\243\234\363A\234\027!U\226\0310\304\020\200\214gS\006\313䰵\372\224\177X\023ih;8\224H\254\252\202T\ttG\222:\027\005doz\030:ID^\211\341\005'\262\037", <incomplete sequence \346>, ciphertext_out=0x76ff8400d0a0 "\237l\307kʰ\303\355C`&\235\216\376\265B\366\303K\337$\342\353\214\351\227\316\327'\254\205\"\277\205\f\022_I&N\202\v\f\277\023\251\247\251\347z\366\233\240\223\005\274\035\327ɮ\324\355$\035e-rV\245\231\202Ob\247d3\271[\344\275\355\376-\277s\231\236\252Cv\205\341\2236\267Y0N\226\23091ą\264~\336̅\026H\327\2545\t\332R^\357\325?\237\267m\366\220`+\033dF\001_\340\200W\343i\004\214\030=\037\224\211\214>o\365֗\273\177\032\211ءw\036\264\214\003\203(I\276\247ڊ\024\376QHlg\376\377\343ī\363\030|\250`\205ɺ\\\362\016?Tyl\177S\371", <incomplete sequence \364>..., shared_secret_out=0x76ff84005660 "\242w\323\337\361\022\363ܕ\036\a\2026u\352?j\"<\256\254\351m\233>\350\234z\234=\b&") at cupqc_runtime.c:224
#6  0x000076ffc787353d in ossl_ml_kem_encap_rand () from /home/ubuntu/openssl-openssl-3.5.0/libcrypto.so.3
#7  0x000076ffc7a32480 in ml_kem_encapsulate () from /home/ubuntu/openssl-openssl-3.5.0/libcrypto.so.3
#8  0x00005e8f46335575 in gpu_worker (arg=0x7fff9f60d184) at benchmark_pqc.c:40
#9  0x000076ffc729caa4 in start_thread (arg=<optimized out>) at ./nptl/pthread_create.c:447
#10 0x000076ffc7329c6c in clone3 () at ../sysdeps/unix/sysv/linux/x86_64/clone3.S:78

Thread 12 (Thread 0x76ff5ba69000 (LWP 4831) "benchmark_pqc"):
#0  0x000076ffc7298d71 in __futex_abstimed_wait_common64 (private=0, cancel=true, abstime=0x0, op=393, expected=0, futex_word=0x76ffc75e5218 <global_queue+577144>) at ./nptl/futex-internal.c:57
#1  __futex_abstimed_wait_common (cancel=true, private=0, abstime=0x0, clockid=0, expected=0, futex_word=0x76ffc75e5218 <global_queue+577144>) at ./nptl/futex-internal.c:87
#2  __GI___futex_abstimed_wait_cancelable64 (futex_word=futex_word@entry=0x76ffc75e5218 <global_queue+577144>, expected=expected@entry=0, clockid=clockid@entry=0, abstime=abstime@entry=0x0, private=private@entry=0) at ./nptl/futex-internal.c:139
#3  0x000076ffc729b7ed in __pthread_cond_wait_common (abstime=0x0, clockid=0, mutex=0x76ffc75e51c8 <global_queue+577064>, cond=0x76ffc75e51f0 <global_queue+577104>) at ./nptl/pthread_cond_wait.c:503
#4  ___pthread_cond_wait (cond=0x76ffc75e51f0 <global_queue+577104>, mutex=0x76ffc75e51c8 <global_queue+577064>) at ./nptl/pthread_cond_wait.c:627
#5  0x000076ffc746c132 in cupqc_submit_encap_job (public_key=0x76ff5ba65310 "l\023\2379\200\300\020\021\023\276\0349\220\363aÒq\221\331r\327iJ\370\222\212n\211\305H\n\002\264\261\273\020\333\003I\025\005r\243C\\\206K|p\237\3115\251\370\201\216\214\034%\363\354|\265\301=7\nR\336g\220\236\372\227\210W\243>\231\r\030\254*?\253\266OG5*\321\310\373\321\030\022\367\274\270\260\243\234\363A\234\027!U\226\0310\304\020\200\214gS\006\313䰵\372\224\177X\023ih;8\224H\254\252\202T\ttG\222:\027\005doz\030:ID^\211\341\005'\262\037", <incomplete sequence \346>, randomness=0x76ff5ba652f0 "\200\221p\262:\200\242\250\034Zf\237\364u&(\213\372|l>>\350\261۫\254L5\023\254\343l\023\2379\200\300\020\021\023\276\0349\220\363aÒq\221\331r\327iJ\370\222\212n\211\305H\n\002\264\261\273\020\333\003I\025\005r\243C\\\206K|p\237\3115\251\370\201\216\214\034%\363\354|\265\301=7\nR\336g\220\236\372\227\210W\243>\231\r\030\254*?\253\266OG5*\321\310\373\321\030\022\367\274\270\260\243\234\363A\234\027!U\226\0310\304\020\200\214gS\006\313䰵\372\224\177X\023ih;8\224H\254\252\202T\ttG\222:\027\005doz\030:ID^\211\341\005'\262\037", <incomplete sequence \346>, ciphertext_out=0x76ff880377b0 "Q3\232c\365y!\265\231\027\025\a\256\002\346\237\006\246hr\200%\017u\n\345\220İ\n#WK\036,&\222h\257VG\366\241[\304mƓ\373\230\247\256W6\325vў\024\373\356\202*}\021\346\235<\343\351\241'\b\305\034&4S<WY\344f\207\n?\362\3708Kz\317\314\346\301Wd]\371\250\363r_\t;4k4R\350\306\334}\364\266p*y`\f\362<q\243)d\032\211&\225\327,\240ޗd&\300ʂ\366\030\370\234\331(\v\005\362\320jvn\3271l\361\022;\374*)\316\314\352\3407\211\025^@D5?0\302D\243\316Od`{W\306o\022gύL\312\001f1\257\302\351\3502"..., shared_secret_out=0x76ff880257c0 "\006\234u\375\373\206\354\233o]\024kӧ\245\356>\333\327\300ͭ=\a:\214\3773\375\351", <incomplete sequence \352\201>) at cupqc_runtime.c:224
#6  0x000076ffc787353d in ossl_ml_kem_encap_rand () from /home/ubuntu/openssl-openssl-3.5.0/libcrypto.so.3
#7  0x000076ffc7a32480 in ml_kem_encapsulate () from /home/ubuntu/openssl-openssl-3.5.0/libcrypto.so.3
#8  0x00005e8f46335575 in gpu_worker (arg=0x7fff9f60d184) at benchmark_pqc.c:40
#9  0x000076ffc729caa4 in start_thread (arg=<optimized out>) at ./nptl/pthread_create.c:447
#10 0x000076ffc7329c6c in clone3 () at ../sysdeps/unix/sysv/linux/x86_64/clone3.S:78

Thread 11 (Thread 0x76ff5adb7000 (LWP 4880) "benchmark_pqc"):
#0  0x000076ffc7298d71 in __futex_abstimed_wait_common64 (private=30463, cancel=true, abstime=0x0, op=393, expected=0, futex_word=0x76ffc75ff404 <global_queue+684132>) at ./nptl/futex-internal.c:57
#1  __futex_abstimed_wait_common (cancel=true, private=30463, abstime=0x0, clockid=0, expected=0, futex_word=0x76ffc75ff404 <global_queue+684132>) at ./nptl/futex-internal.c:87
#2  __GI___futex_abstimed_wait_cancelable64 (futex_word=futex_word@entry=0x76ffc75ff404 <global_queue+684132>, expected=expected@entry=0, clockid=clockid@entry=0, abstime=abstime@entry=0x0, private=private@entry=0) at ./nptl/futex-internal.c:139
#3  0x000076ffc729b7ed in __pthread_cond_wait_common (abstime=0x0, clockid=0, mutex=0x76ffc75ff3b0 <global_queue+684048>, cond=0x76ffc75ff3d8 <global_queue+684088>) at ./nptl/pthread_cond_wait.c:503
#4  ___pthread_cond_wait (cond=0x76ffc75ff3d8 <global_queue+684088>, mutex=0x76ffc75ff3b0 <global_queue+684048>) at ./nptl/pthread_cond_wait.c:627
#5  0x000076ffc746bac6 in cupqc_batch_worker (arg=0x0) at cupqc_runtime.c:114
#6  0x000076ffc729caa4 in start_thread (arg=<optimized out>) at ./nptl/pthread_create.c:447
#7  0x000076ffc7329c6c in clone3 () at ../sysdeps/unix/sysv/linux/x86_64/clone3.S:78

Thread 10 (Thread 0x76ff59c92000 (LWP 4918) "benchmark_pqc"):
#0  0x000076ffc7298d71 in __futex_abstimed_wait_common64 (private=0, cancel=true, abstime=0x0, op=393, expected=0, futex_word=0x76ffc75d3848 <global_queue+505000>) at ./nptl/futex-internal.c:57
#1  __futex_abstimed_wait_common (cancel=true, private=0, abstime=0x0, clockid=0, expected=0, futex_word=0x76ffc75d3848 <global_queue+505000>) at ./nptl/futex-internal.c:87
#2  __GI___futex_abstimed_wait_cancelable64 (futex_word=futex_word@entry=0x76ffc75d3848 <global_queue+505000>, expected=expected@entry=0, clockid=clockid@entry=0, abstime=abstime@entry=0x0, private=private@entry=0) at ./nptl/futex-internal.c:139
#3  0x000076ffc729b7ed in __pthread_cond_wait_common (abstime=0x0, clockid=0, mutex=0x76ffc75d37f8 <global_queue+504920>, cond=0x76ffc75d3820 <global_queue+504960>) at ./nptl/pthread_cond_wait.c:503
#4  ___pthread_cond_wait (cond=0x76ffc75d3820 <global_queue+504960>, mutex=0x76ffc75d37f8 <global_queue+504920>) at ./nptl/pthread_cond_wait.c:627
#5  0x000076ffc746c132 in cupqc_submit_encap_job (public_key=0x76ff59c8e310 "l\023\2379\200\300\020\021\023\276\0349\220\363aÒq\221\331r\327iJ\370\222\212n\211\305H\n\002\264\261\273\020\333\003I\025\005r\243C\\\206K|p\237\3115\251\370\201\216\214\034%\363\354|\265\301=7\nR\336g\220\236\372\227\210W\243>\231\r\030\254*?\253\266OG5*\321\310\373\321\030\022\367\274\270\260\243\234\363A\234\027!U\226\0310\304\020\200\214gS\006\313䰵\372\224\177X\023ih;8\224H\254\252\202T\ttG\222:\027\005doz\030:ID^\211\341\005'\262\037", <incomplete sequence \346>, randomness=0x76ff59c8e2f0 "\347\252\325\302Ɇsdv\330\030.\254e\376\342\031t'^U\257\233n\023\242\347\001\265\352A\260l\023\2379\200\300\020\021\023\276\0349\220\363aÒq\221\331r\327iJ\370\222\212n\211\305H\n\002\264\261\273\020\333\003I\025\005r\243C\\\206K|p\237\3115\251\370\201\216\214\034%\363\354|\265\301=7\nR\336g\220\236\372\227\210W\243>\231\r\030\254*?\253\266OG5*\321\310\373\321\030\022\367\274\270\260\243\234\363A\234\027!U\226\0310\304\020\200\214gS\006\313䰵\372\224\177X\023ih;8\224H\254\252\202T\ttG\222:\027\005doz\030:ID^\211\341\005'\262\037", <incomplete sequence \346>, ciphertext_out=0x76ff34010ac0 "I\324yYP\354?", <incomplete sequence \334>, shared_secret_out=0x76ff34040310 "OY\025G\237u\225\320k\200\304t\347\331\362\331cp\250\204*W\260\020\224Y\354\314w\340\357", <incomplete sequence \343>) at cupqc_runtime.c:224
#6  0x000076ffc787353d in ossl_ml_kem_encap_rand () from /home/ubuntu/openssl-openssl-3.5.0/libcrypto.so.3
#7  0x000076ffc7a32480 in ml_kem_encapsulate () from /home/ubuntu/openssl-openssl-3.5.0/libcrypto.so.3
#8  0x00005e8f46335575 in gpu_worker (arg=0x7fff9f60d184) at benchmark_pqc.c:40
#9  0x000076ffc729caa4 in start_thread (arg=<optimized out>) at ./nptl/pthread_create.c:447
#10 0x000076ffc7329c6c in clone3 () at ../sysdeps/unix/sysv/linux/x86_64/clone3.S:78

Thread 9 (Thread 0x76ff59c10000 (LWP 4920) "benchmark_pqc"):
#0  0x000076ffc7298d71 in __futex_abstimed_wait_common64 (private=0, cancel=true, abstime=0x0, op=393, expected=0, futex_word=0x76ffc75cbb08 <global_queue+472936>) at ./nptl/futex-internal.c:57
#1  __futex_abstimed_wait_common (cancel=true, private=0, abstime=0x0, clockid=0, expected=0, futex_word=0x76ffc75cbb08 <global_queue+472936>) at ./nptl/futex-internal.c:87
#2  __GI___futex_abstimed_wait_cancelable64 (futex_word=futex_word@entry=0x76ffc75cbb08 <global_queue+472936>, expected=expected@entry=0, clockid=clockid@entry=0, abstime=abstime@entry=0x0, private=private@entry=0) at ./nptl/futex-internal.c:139
#3  0x000076ffc729b7ed in __pthread_cond_wait_common (abstime=0x0, clockid=0, mutex=0x76ffc75cbab8 <global_queue+472856>, cond=0x76ffc75cbae0 <global_queue+472896>) at ./nptl/pthread_cond_wait.c:503
#4  ___pthread_cond_wait (cond=0x76ffc75cbae0 <global_queue+472896>, mutex=0x76ffc75cbab8 <global_queue+472856>) at ./nptl/pthread_cond_wait.c:627
#5  0x000076ffc746c132 in cupqc_submit_encap_job (public_key=0x76ff59c0c310 "l\023\2379\200\300\020\021\023\276\0349\220\363aÒq\221\331r\327iJ\370\222\212n\211\305H\n\002\264\261\273\020\333\003I\025\005r\243C\\\206K|p\237\3115\251\370\201\216\214\034%\363\354|\265\301=7\nR\336g\220\236\372\227\210W\243>\231\r\030\254*?\253\266OG5*\321\310\373\321\030\022\367\274\270\260\243\234\363A\234\027!U\226\0310\304\020\200\214gS\006\313䰵\372\224\177X\023ih;8\224H\254\252\202T\ttG\222:\027\005doz\030:ID^\211\341\005'\262\037", <incomplete sequence \346>, randomness=0x76ff59c0c2f0 "\356T\237k\023?\021\326\306\300RӖc\3350\240I\314\344\373\353\235d@u\360lF\004|\025l\023\2379\200\300\020\021\023\276\0349\220\363aÒq\221\331r\327iJ\370\222\212n\211\305H\n\002\264\261\273\020\333\003I\025\005r\243C\\\206K|p\237\3115\251\370\201\216\214\034%\363\354|\265\301=7\nR\336g\220\236\372\227\210W\243>\231\r\030\254*?\253\266OG5*\321\310\373\321\030\022\367\274\270\260\243\234\363A\234\027!U\226\0310\304\020\200\214gS\006\313䰵\372\224\177X\023ih;8\224H\254\252\202T\ttG\222:\027\005doz\030:ID^\211\341\005'\262\037", <incomplete sequence \346>, ciphertext_out=0x76ff3002dfa0 "us?\264t\373 \247\t\020#\255\221R\356f[\340\340\226ۖ\340\315{Z\254\017S\304\006\207\363TY\253\321\f\212\336W\031\"\224\226tj\212\2003S\340\222.T0zF\004\240\005i\227kz,\304\024\020\263", shared_secret_out=0x76ff300267a0 "O\231\3700婰@\200F\232?\335z'*Y\233\327\341҉n+\034_\343\362\363N\261\225") at cupqc_runtime.c:224
#6  0x000076ffc787353d in ossl_ml_kem_encap_rand () from /home/ubuntu/openssl-openssl-3.5.0/libcrypto.so.3
#7  0x000076ffc7a32480 in ml_kem_encapsulate () from /home/ubuntu/openssl-openssl-3.5.0/libcrypto.so.3
#8  0x00005e8f46335575 in gpu_worker (arg=0x7fff9f60d184) at benchmark_pqc.c:40
#9  0x000076ffc729caa4 in start_thread (arg=<optimized out>) at ./nptl/pthread_create.c:447
#10 0x000076ffc7329c6c in clone3 () at ../sysdeps/unix/sysv/linux/x86_64/clone3.S:78

Thread 8 (Thread 0x76ff59a08000 (LWP 4928) "benchmark_pqc"):
#0  0x000076ffc7298d71 in __futex_abstimed_wait_common64 (private=0, cancel=true, abstime=0x0, op=393, expected=0, futex_word=0x76ffc75ca0f0 <global_queue+466256>) at ./nptl/futex-internal.c:57
#1  __futex_abstimed_wait_common (cancel=true, private=0, abstime=0x0, clockid=0, expected=0, futex_word=0x76ffc75ca0f0 <global_queue+466256>) at ./nptl/futex-internal.c:87
#2  __GI___futex_abstimed_wait_cancelable64 (futex_word=futex_word@entry=0x76ffc75ca0f0 <global_queue+466256>, expected=expected@entry=0, clockid=clockid@entry=0, abstime=abstime@entry=0x0, private=private@entry=0) at ./nptl/futex-internal.c:139
#3  0x000076ffc729b7ed in __pthread_cond_wait_common (abstime=0x0, clockid=0, mutex=0x76ffc75ca0a0 <global_queue+466176>, cond=0x76ffc75ca0c8 <global_queue+466216>) at ./nptl/pthread_cond_wait.c:503
#4  ___pthread_cond_wait (cond=0x76ffc75ca0c8 <global_queue+466216>, mutex=0x76ffc75ca0a0 <global_queue+466176>) at ./nptl/pthread_cond_wait.c:627
#5  0x000076ffc746c132 in cupqc_submit_encap_job (public_key=0x76ff59a04310 "l\023\2379\200\300\020\021\023\276\0349\220\363aÒq\221\331r\327iJ\370\222\212n\211\305H\n\002\264\261\273\020\333\003I\025\005r\243C\\\206K|p\237\3115\251\370\201\216\214\034%\363\354|\265\301=7\nR\336g\220\236\372\227\210W\243>\231\r\030\254*?\253\266OG5*\321\310\373\321\030\022\367\274\270\260\243\234\363A\234\027!U\226\0310\304\020\200\214gS\006\313䰵\372\224\177X\023ih;8\224H\254\252\202T\ttG\222:\027\005doz\030:ID^\211\341\005'\262\037", <incomplete sequence \346>, randomness=0x76ff59a042f0 "\t\b\263\034\223r\376د}\354\211D\aкF\020\214\337\030QZ\224;ly\264\245\274\241\335l\023\2379\200\300\020\021\023\276\0349\220\363aÒq\221\331r\327iJ\370\222\212n\211\305H\n\002\264\261\273\020\333\003I\025\005r\243C\\\206K|p\237\3115\251\370\201\216\214\034%\363\354|\265\301=7\nR\336g\220\236\372\227\210W\243>\231\r\030\254*?\253\266OG5*\321\310\373\321\030\022\367\274\270\260\243\234\363A\234\027!U\226\0310\304\020\200\214gS\006\313䰵\372\224\177X\023ih;8\224H\254\252\202T\ttG\222:\027\005doz\030:ID^\211\341\005'\262\037", <incomplete sequence \346>, ciphertext_out=0x76ff6c00ffd0 "\277j\342\370\226QD\203\024Be\377\033\217\250´Z\021\033\250[E\312e\226\t\vN\372\365ƚ\225", shared_secret_out=0x76ff6c02e5e0 "*\373\222\340\252Z(\367\247#\034\033iG^E\0212\006ȁ=\225F[\253~\300^\365<\202") at cupqc_runtime.c:224
#6  0x000076ffc787353d in ossl_ml_kem_encap_rand () from /home/ubuntu/openssl-openssl-3.5.0/libcrypto.so.3
#7  0x000076ffc7a32480 in ml_kem_encapsulate () from /home/ubuntu/openssl-openssl-3.5.0/libcrypto.so.3
#8  0x00005e8f46335575 in gpu_worker (arg=0x7fff9f60d184) at benchmark_pqc.c:40
#9  0x000076ffc729caa4 in start_thread (arg=<optimized out>) at ./nptl/pthread_create.c:447
#10 0x000076ffc7329c6c in clone3 () at ../sysdeps/unix/sysv/linux/x86_64/clone3.S:78

Thread 7 (Thread 0x76ff594f4000 (LWP 4948) "benchmark_pqc"):
#0  0x000076ffc7298d71 in __futex_abstimed_wait_common64 (private=0, cancel=true, abstime=0x0, op=393, expected=0, futex_word=0x76ffc75c1408 <global_queue+430184>) at ./nptl/futex-internal.c:57
#1  __futex_abstimed_wait_common (cancel=true, private=0, abstime=0x0, clockid=0, expected=0, futex_word=0x76ffc75c1408 <global_queue+430184>) at ./nptl/futex-internal.c:87
#2  __GI___futex_abstimed_wait_cancelable64 (futex_word=futex_word@entry=0x76ffc75c1408 <global_queue+430184>, expected=expected@entry=0, clockid=clockid@entry=0, abstime=abstime@entry=0x0, private=private@entry=0) at ./nptl/futex-internal.c:139
#3  0x000076ffc729b7ed in __pthread_cond_wait_common (abstime=0x0, clockid=0, mutex=0x76ffc75c13b8 <global_queue+430104>, cond=0x76ffc75c13e0 <global_queue+430144>) at ./nptl/pthread_cond_wait.c:503
#4  ___pthread_cond_wait (cond=0x76ffc75c13e0 <global_queue+430144>, mutex=0x76ffc75c13b8 <global_queue+430104>) at ./nptl/pthread_cond_wait.c:627
#5  0x000076ffc746c132 in cupqc_submit_encap_job (public_key=0x76ff594f0310 "l\023\2379\200\300\020\021\023\276\0349\220\363aÒq\221\331r\327iJ\370\222\212n\211\305H\n\002\264\261\273\020\333\003I\025\005r\243C\\\206K|p\237\3115\251\370\201\216\214\034%\363\354|\265\301=7\nR\336g\220\236\372\227\210W\243>\231\r\030\254*?\253\266OG5*\321\310\373\321\030\022\367\274\270\260\243\234\363A\234\027!U\226\0310\304\020\200\214gS\006\313䰵\372\224\177X\023ih;8\224H\254\252\202T\ttG\222:\027\005doz\030:ID^\211\341\005'\262\037", <incomplete sequence \346>, randomness=0x76ff594f02f0 "[܍\250\233\371\034`\270\240\247\346\200r\021HL1\373&\017}a,\271\371\004\274\244\\A\255l\023\2379\200\300\020\021\023\276\0349\220\363aÒq\221\331r\327iJ\370\222\212n\211\305H\n\002\264\261\273\020\333\003I\025\005r\243C\\\206K|p\237\3115\251\370\201\216\214\034%\363\354|\265\301=7\nR\336g\220\236\372\227\210W\243>\231\r\030\254*?\253\266OG5*\321\310\373\321\030\022\367\274\270\260\243\234\363A\234\027!U\226\0310\304\020\200\214gS\006\313䰵\372\224\177X\023ih;8\224H\254\252\202T\ttG\222:\027\005doz\030:ID^\211\341\005'\262\037", <incomplete sequence \346>, ciphertext_out=0x76ff40004560 "}\300I\\\302x|N$\177\247Xx_\237\346\n\264FW\360=~\274\257\v\263\037D\3325:H\r\251\274\273\335\375\363\020=R\355\2334\005~^\355\vUr\027\312\0234\205\212^\354\320R\324<\375\220c\356\246zg\210\222Dü\2356\263\024&\270A$\023<\2518Et5\031u\221\374E\335'\256\317\\ \006wv-\252\340$.\214\006\234\3447\031 ʮ\377\320\020\321\360E-,\372`a\345\254Ѹɫdb\fp\020t\005\035\026OA\371\312>ۓ\334\030\004\034|შo\005\314\177\300\371mŊ1n\205\nj\237o\373\331\352\036E\200\361\347\016\304\375\340#ž\346\037n\036f;!\253"..., shared_secret_out=0x76ff40015a60 "\374\"\275ƚ:Fc\332\022\266fi\271\242\361\0235\316\0252\350\315L\274\263\226ġR\262}") at cupqc_runtime.c:224
#6  0x000076ffc787353d in ossl_ml_kem_encap_rand () from /home/ubuntu/openssl-openssl-3.5.0/libcrypto.so.3
#7  0x000076ffc7a32480 in ml_kem_encapsulate () from /home/ubuntu/openssl-openssl-3.5.0/libcrypto.so.3
#8  0x00005e8f46335575 in gpu_worker (arg=0x7fff9f60d184) at benchmark_pqc.c:40
#9  0x000076ffc729caa4 in start_thread (arg=<optimized out>) at ./nptl/pthread_create.c:447
#10 0x000076ffc7329c6c in clone3 () at ../sysdeps/unix/sysv/linux/x86_64/clone3.S:78

Thread 6 (Thread 0x76ff58fe0000 (LWP 4968) "benchmark_pqc"):
#0  0x000076ffc7298d71 in __futex_abstimed_wait_common64 (private=0, cancel=true, abstime=0x0, op=393, expected=0, futex_word=0x76ffc75cef38 <global_queue+486296>) at ./nptl/futex-internal.c:57
#1  __futex_abstimed_wait_common (cancel=true, private=0, abstime=0x0, clockid=0, expected=0, futex_word=0x76ffc75cef38 <global_queue+486296>) at ./nptl/futex-internal.c:87
#2  __GI___futex_abstimed_wait_cancelable64 (futex_word=futex_word@entry=0x76ffc75cef38 <global_queue+486296>, expected=expected@entry=0, clockid=clockid@entry=0, abstime=abstime@entry=0x0, private=private@entry=0) at ./nptl/futex-internal.c:139
#3  0x000076ffc729b7ed in __pthread_cond_wait_common (abstime=0x0, clockid=0, mutex=0x76ffc75ceee8 <global_queue+486216>, cond=0x76ffc75cef10 <global_queue+486256>) at ./nptl/pthread_cond_wait.c:503
#4  ___pthread_cond_wait (cond=0x76ffc75cef10 <global_queue+486256>, mutex=0x76ffc75ceee8 <global_queue+486216>) at ./nptl/pthread_cond_wait.c:627
#5  0x000076ffc746c132 in cupqc_submit_encap_job (public_key=0x76ff58fdc310 "l\023\2379\200\300\020\021\023\276\0349\220\363aÒq\221\331r\327iJ\370\222\212n\211\305H\n\002\264\261\273\020\333\003I\025\005r\243C\\\206K|p\237\3115\251\370\201\216\214\034%\363\354|\265\301=7\nR\336g\220\236\372\227\210W\243>\231\r\030\254*?\253\266OG5*\321\310\373\321\030\022\367\274\270\260\243\234\363A\234\027!U\226\0310\304\020\200\214gS\006\313䰵\372\224\177X\023ih;8\224H\254\252\202T\ttG\222:\027\005doz\030:ID^\211\341\005'\262\037", <incomplete sequence \346>, randomness=0x76ff58fdc2f0 "\276\307\362?~D>N\003\230\252轱aԟ\254\207\326y5\340\004'V\027,b\004\236\027l\023\2379\200\300\020\021\023\276\0349\220\363aÒq\221\331r\327iJ\370\222\212n\211\305H\n\002\264\261\273\020\333\003I\025\005r\243C\\\206K|p\237\3115\251\370\201\216\214\034%\363\354|\265\301=7\nR\336g\220\236\372\227\210W\243>\231\r\030\254*?\253\266OG5*\321\310\373\321\030\022\367\274\270\260\243\234\363A\234\027!U\226\0310\304\020\200\214gS\006\313䰵\372\224\177X\023ih;8\224H\254\252\202T\ttG\222:\027\005doz\030:ID^\211\341\005'\262\037", <incomplete sequence \346>, ciphertext_out=0x76ff940123c0 "Y\352ĨI\243\356\032jT\361|\0062:j@\3506'\240I\236P\336+\210\016\331f\266\022K\225\245\310_\223,\304{\225\264R\177\204\203<h\317\r\303\305\033\250\242\224\245\364\216QcX<\344)X}\210\252_\247\316eiY\261Q9\300m\342|nq\371,}\202\200\234C].\342\241\364\330\026\231\2413\353v܈\2243\262\340\366\303`p\254vB\016'$\250\277\235b_\255\260\271=\203\213\326'髃\246\343ų?^\023\003Q\263\271\034jN\036\020xԁ\375", <incomplete sequence \365\221>, shared_secret_out=0x76ff9400bee0 "\242T\262q\211\177'r\305 \263\306\320\302\213&\273\327\317I\235\026\3441z\021IF\231\365\275g") at cupqc_runtime.c:224
#6  0x000076ffc787353d in ossl_ml_kem_encap_rand () from /home/ubuntu/openssl-openssl-3.5.0/libcrypto.so.3
#7  0x000076ffc7a32480 in ml_kem_encapsulate () from /home/ubuntu/openssl-openssl-3.5.0/libcrypto.so.3
#8  0x00005e8f46335575 in gpu_worker (arg=0x7fff9f60d184) at benchmark_pqc.c:40
#9  0x000076ffc729caa4 in start_thread (arg=<optimized out>) at ./nptl/pthread_create.c:447
#10 0x000076ffc7329c6c in clone3 () at ../sysdeps/unix/sysv/linux/x86_64/clone3.S:78

Thread 5 (Thread 0x76ff58d56000 (LWP 4978) "benchmark_pqc"):
#0  0x000076ffc7298d71 in __futex_abstimed_wait_common64 (private=0, cancel=true, abstime=0x0, op=393, expected=0, futex_word=0x76ffc75c0ed0 <global_queue+428848>) at ./nptl/futex-internal.c:57
#1  __futex_abstimed_wait_common (cancel=true, private=0, abstime=0x0, clockid=0, expected=0, futex_word=0x76ffc75c0ed0 <global_queue+428848>) at ./nptl/futex-internal.c:87
#2  __GI___futex_abstimed_wait_cancelable64 (futex_word=futex_word@entry=0x76ffc75c0ed0 <global_queue+428848>, expected=expected@entry=0, clockid=clockid@entry=0, abstime=abstime@entry=0x0, private=private@entry=0) at ./nptl/futex-internal.c:139
#3  0x000076ffc729b7ed in __pthread_cond_wait_common (abstime=0x0, clockid=0, mutex=0x76ffc75c0e80 <global_queue+428768>, cond=0x76ffc75c0ea8 <global_queue+428808>) at ./nptl/pthread_cond_wait.c:503
#4  ___pthread_cond_wait (cond=0x76ffc75c0ea8 <global_queue+428808>, mutex=0x76ffc75c0e80 <global_queue+428768>) at ./nptl/pthread_cond_wait.c:627
#5  0x000076ffc746c132 in cupqc_submit_encap_job (public_key=0x76ff58d52310 "l\023\2379\200\300\020\021\023\276\0349\220\363aÒq\221\331r\327iJ\370\222\212n\211\305H\n\002\264\261\273\020\333\003I\025\005r\243C\\\206K|p\237\3115\251\370\201\216\214\034%\363\354|\265\301=7\nR\336g\220\236\372\227\210W\243>\231\r\030\254*?\253\266OG5*\321\310\373\321\030\022\367\274\270\260\243\234\363A\234\027!U\226\0310\304\020\200\214gS\006\313䰵\372\224\177X\023ih;8\224H\254\252\202T\ttG\222:\027\005doz\030:ID^\211\341\005'\262\037", <incomplete sequence \346>, randomness=0x76ff58d522f0 "\302\033\343g\316\001\036YM\266\372\372\227\246\276\0062^A݇lL\340-6\306\355\306溉l\023\2379\200\300\020\021\023\276\0349\220\363aÒq\221\331r\327iJ\370\222\212n\211\305H\n\002\264\261\273\020\333\003I\025\005r\243C\\\206K|p\237\3115\251\370\201\216\214\034%\363\354|\265\301=7\nR\336g\220\236\372\227\210W\243>\231\r\030\254*?\253\266OG5*\321\310\373\321\030\022\367\274\270\260\243\234\363A\234\027!U\226\0310\304\020\200\214gS\006\313䰵\372\224\177X\023ih;8\224H\254\252\202T\ttG\222:\027\005doz\030:ID^\211\341\005'\262\037", <incomplete sequence \346>, ciphertext_out=0x5e8f4db39570 "C\025\005PS\227b/\207\245\300\305䦕\3770u\337U\v\345\354p\240\265\337}y\331\366\206&\253\366\374\363\340M\325N\254\257/j{\322ӹ\341\370\337\005Q\331\027\216J\265\362>\037cS\270<F\210\214\200R|>u\205\266[V\v0\224=\367\31511,\253\032]\005Y\263\006\352Q\357[\017\373\214\034\255\274\201\221P0՝\367\210\343\372d}\264_\256\n\372?\v3\331\327\0312(t\232\036\a\215\372 \267\266\236\2625i\226\232\367\213[vS\216AO1\253\017I\346\325\t\223\230m\3517\217\262W\301\266\371^\r\003Fq\364\261\255?\026Z\206\a\001Ԯ\0166\226Öld\003!h\200\206\326-"..., shared_secret_out=0x5e8f4db4aeb0 "\\te\214\246\352\232\004&\202o\201\023\270\325EE\341\226`\2061\006]\3628\272`\331\354L3") at cupqc_runtime.c:224
#6  0x000076ffc787353d in ossl_ml_kem_encap_rand () from /home/ubuntu/openssl-openssl-3.5.0/libcrypto.so.3
#7  0x000076ffc7a32480 in ml_kem_encapsulate () from /home/ubuntu/openssl-openssl-3.5.0/libcrypto.so.3
#8  0x00005e8f46335575 in gpu_worker (arg=0x7fff9f60d184) at benchmark_pqc.c:40
#9  0x000076ffc729caa4 in start_thread (arg=<optimized out>) at ./nptl/pthread_create.c:447
#10 0x000076ffc7329c6c in clone3 () at ../sysdeps/unix/sysv/linux/x86_64/clone3.S:78

Thread 4 (Thread 0x76ff58c93000 (LWP 4981) "benchmark_pqc"):
#0  0x000076ffc7298d71 in __futex_abstimed_wait_common64 (private=0, cancel=true, abstime=0x0, op=393, expected=0, futex_word=0x76ffc75bcaf8 <global_queue+411480>) at ./nptl/futex-internal.c:57
#1  __futex_abstimed_wait_common (cancel=true, private=0, abstime=0x0, clockid=0, expected=0, futex_word=0x76ffc75bcaf8 <global_queue+411480>) at ./nptl/futex-internal.c:87
#2  __GI___futex_abstimed_wait_cancelable64 (futex_word=futex_word@entry=0x76ffc75bcaf8 <global_queue+411480>, expected=expected@entry=0, clockid=clockid@entry=0, abstime=abstime@entry=0x0, private=private@entry=0) at ./nptl/futex-internal.c:139
#3  0x000076ffc729b7ed in __pthread_cond_wait_common (abstime=0x0, clockid=0, mutex=0x76ffc75bcaa8 <global_queue+411400>, cond=0x76ffc75bcad0 <global_queue+411440>) at ./nptl/pthread_cond_wait.c:503
#4  ___pthread_cond_wait (cond=0x76ffc75bcad0 <global_queue+411440>, mutex=0x76ffc75bcaa8 <global_queue+411400>) at ./nptl/pthread_cond_wait.c:627
#5  0x000076ffc746c132 in cupqc_submit_encap_job (public_key=0x76ff58c8f310 "l\023\2379\200\300\020\021\023\276\0349\220\363aÒq\221\331r\327iJ\370\222\212n\211\305H\n\002\264\261\273\020\333\003I\025\005r\243C\\\206K|p\237\3115\251\370\201\216\214\034%\363\354|\265\301=7\nR\336g\220\236\372\227\210W\243>\231\r\030\254*?\253\266OG5*\321\310\373\321\030\022\367\274\270\260\243\234\363A\234\027!U\226\0310\304\020\200\214gS\006\313䰵\372\224\177X\023ih;8\224H\254\252\202T\ttG\222:\027\005doz\030:ID^\211\341\005'\262\037", <incomplete sequence \346>, randomness=0x76ff58c8f2f0 "I\214g\2277ۗ\256", ciphertext_out=0x76ff88024d80 "\377|E>K\325\021(\374\030\217\261B\272?\207\020V\276\362ft\213\336\321ĵ\033\276b\270!\352\227c\314a\271\237\263\023\273\275\353V1\261ln\3401.\337\023\237\030a#Z@\253i\301A\204BBdX\371\230\233BU\317\317\316\344xJ\344%ļ\366\f.\n\216\222\3679U\231\274\273\271\237\340n\247\027&\336\266&\247\f\376\002\245\250`t\3373\350uɡ\217\216+̸\257Ym\232\3500\030v\275\320;\270(\217\005u\036X\215K\235\310u\357\273'&\265\334l\a[>a\202&\342\2448\2513+S:\267\231\027V\201\271\367(b\223\305T\r\230\302m\333X\005P\0266\246\311g\342o\033꤉"..., shared_secret_out=0x76ff8802a8b0 ".`\373\017\023I\342\340\016~\301Moi㯶\254\313I\230\231\005\256\320#\223\024\363VY\252") at cupqc_runtime.c:224
#6  0x000076ffc787353d in ossl_ml_kem_encap_rand () from /home/ubuntu/openssl-openssl-3.5.0/libcrypto.so.3
#7  0x000076ffc7a32480 in ml_kem_encapsulate () from /home/ubuntu/openssl-openssl-3.5.0/libcrypto.so.3
#8  0x00005e8f46335575 in gpu_worker (arg=0x7fff9f60d184) at benchmark_pqc.c:40
#9  0x000076ffc729caa4 in start_thread (arg=<optimized out>) at ./nptl/pthread_create.c:447
#10 0x000076ffc7329c6c in clone3 () at ../sysdeps/unix/sysv/linux/x86_64/clone3.S:78

Thread 3 (Thread 0x76ff58c11000 (LWP 4983) "benchmark_pqc"):
#0  0x000076ffc7298d71 in __futex_abstimed_wait_common64 (private=0, cancel=true, abstime=0x0, op=393, expected=0, futex_word=0x76ffc75b4db8 <global_queue+379416>) at ./nptl/futex-internal.c:57
#1  __futex_abstimed_wait_common (cancel=true, private=0, abstime=0x0, clockid=0, expected=0, futex_word=0x76ffc75b4db8 <global_queue+379416>) at ./nptl/futex-internal.c:87
#2  __GI___futex_abstimed_wait_cancelable64 (futex_word=futex_word@entry=0x76ffc75b4db8 <global_queue+379416>, expected=expected@entry=0, clockid=clockid@entry=0, abstime=abstime@entry=0x0, private=private@entry=0) at ./nptl/futex-internal.c:139
#3  0x000076ffc729b7ed in __pthread_cond_wait_common (abstime=0x0, clockid=0, mutex=0x76ffc75b4d68 <global_queue+379336>, cond=0x76ffc75b4d90 <global_queue+379376>) at ./nptl/pthread_cond_wait.c:503
#4  ___pthread_cond_wait (cond=0x76ffc75b4d90 <global_queue+379376>, mutex=0x76ffc75b4d68 <global_queue+379336>) at ./nptl/pthread_cond_wait.c:627
#5  0x000076ffc746c132 in cupqc_submit_encap_job (public_key=0x76ff58c0d310 "l\023\2379\200\300\020\021\023\276\0349\220\363aÒq\221\331r\327iJ\370\222\212n\211\305H\n\002\264\261\273\020\333\003I\025\005r\243C\\\206K|p\237\3115\251\370\201\216\214\034%\363\354|\265\301=7\nR\336g\220\236\372\227\210W\243>\231\r\030\254*?\253\266OG5*\321\310\373\321\030\022\367\274\270\260\243\234\363A\234\027!U\226\0310\304\020\200\214gS\006\313䰵\372\224\177X\023ih;8\224H\254\252\202T\ttG\222:\027\005doz\030:ID^\211\341\005'\262\037", <incomplete sequence \346>, randomness=0x76ff58c0d2f0 "\216\024\213\226z\313Id\202\220\365\347\300t\362\3652mЂ\377\r;\v\373k\225-\312\310(\351l\023\2379\200\300\020\021\023\276\0349\220\363aÒq\221\331r\327iJ\370\222\212n\211\305H\n\002\264\261\273\020\333\003I\025\005r\243C\\\206K|p\237\3115\251\370\201\216\214\034%\363\354|\265\301=7\nR\336g\220\236\372\227\210W\243>\231\r\030\254*?\253\266OG5*\321\310\373\321\030\022\367\274\270\260\243\234\363A\234\027!U\226\0310\304\020\200\214gS\006\313䰵\372\224\177X\023ih;8\224H\254\252\202T\ttG\222:\027\005doz\030:ID^\211\341\005'\262\037", <incomplete sequence \346>, ciphertext_out=0x76ff480184c0 "\377\033\030b`TtȐ\361\340mQS\221\213%\236\3720\320hO\"ú,@(ʅ\326\017)\026\322ɥ)s\210h\022j\303aܾ\257,\243\211\242\vl\025\206\023Ҫ]T\315hm\226\247$?\222{\314\357BC˲_:{\263\004Zע\240\275\212\316\302\021\211\363\353\273\351\273\315W,A\256\352ó\203\203\2226\224T\270T\244\257<\254\243Qc \"\034\314,\177\345\265\357\v:\311;?Q\377\336\273\251\350", <incomplete sequence \313>, shared_secret_out=0x76ff480035b0 "\344^\205\024\306cȜ\213\257;\270w\0047|\361\215\217+ϑ\237\024\346\020\373\327\210\273B\271") at cupqc_runtime.c:224
#6  0x000076ffc787353d in ossl_ml_kem_encap_rand () from /home/ubuntu/openssl-openssl-3.5.0/libcrypto.so.3
#7  0x000076ffc7a32480 in ml_kem_encapsulate () from /home/ubuntu/openssl-openssl-3.5.0/libcrypto.so.3
#8  0x00005e8f46335575 in gpu_worker (arg=0x7fff9f60d184) at benchmark_pqc.c:40
#9  0x000076ffc729caa4 in start_thread (arg=<optimized out>) at ./nptl/pthread_create.c:447
#10 0x000076ffc7329c6c in clone3 () at ../sysdeps/unix/sysv/linux/x86_64/clone3.S:78

Thread 2 (Thread 0x76ff587c0000 (LWP 5000) "benchmark_pqc"):
#0  0x000076ffc7298d71 in __futex_abstimed_wait_common64 (private=0, cancel=true, abstime=0x0, op=393, expected=0, futex_word=0x76ffc75d2dd8 <global_queue+502328>) at ./nptl/futex-internal.c:57
#1  __futex_abstimed_wait_common (cancel=true, private=0, abstime=0x0, clockid=0, expected=0, futex_word=0x76ffc75d2dd8 <global_queue+502328>) at ./nptl/futex-internal.c:87
#2  __GI___futex_abstimed_wait_cancelable64 (futex_word=futex_word@entry=0x76ffc75d2dd8 <global_queue+502328>, expected=expected@entry=0, clockid=clockid@entry=0, abstime=abstime@entry=0x0, private=private@entry=0) at ./nptl/futex-internal.c:139
#3  0x000076ffc729b7ed in __pthread_cond_wait_common (abstime=0x0, clockid=0, mutex=0x76ffc75d2d88 <global_queue+502248>, cond=0x76ffc75d2db0 <global_queue+502288>) at ./nptl/pthread_cond_wait.c:503
#4  ___pthread_cond_wait (cond=0x76ffc75d2db0 <global_queue+502288>, mutex=0x76ffc75d2d88 <global_queue+502248>) at ./nptl/pthread_cond_wait.c:627
#5  0x000076ffc746c132 in cupqc_submit_encap_job (public_key=0x76ff587bc310 "l\023\2379\200\300\020\021\023\276\0349\220\363aÒq\221\331r\327iJ\370\222\212n\211\305H\n\002\264\261\273\020\333\003I\025\005r\243C\\\206K|p\237\3115\251\370\201\216\214\034%\363\354|\265\301=7\nR\336g\220\236\372\227\210W\243>\231\r\030\254*?\253\266OG5*\321\310\373\321\030\022\367\274\270\260\243\234\363A\234\027!U\226\0310\304\020\200\214gS\006\313䰵\372\224\177X\023ih;8\224H\254\252\202T\ttG\222:\027\005doz\030:ID^\211\341\005'\262\037", <incomplete sequence \346>, randomness=0x76ff587bc2f0 "\230\221\333d=\346\370b\005\205\311m*\256\006\376\032\226\031\310r9`X\bba\030u\350\354\237l\023\2379\200\300\020\021\023\276\0349\220\363aÒq\221\331r\327iJ\370\222\212n\211\305H\n\002\264\261\273\020\333\003I\025\005r\243C\\\206K|p\237\3115\251\370\201\216\214\034%\363\354|\265\301=7\nR\336g\220\236\372\227\210W\243>\231\r\030\254*?\253\266OG5*\321\310\373\321\030\022\367\274\270\260\243\234\363A\234\027!U\226\0310\304\020\200\214gS\006\313䰵\372\224\177X\023ih;8\224H\254\252\202T\ttG\222:\027\005doz\030:ID^\211\341\005'\262\037", <incomplete sequence \346>, ciphertext_out=0x76ff940198d0 ">\211%\242\254\377\001\224\337b(Go\370\020?\364IƢ\030\026\016\221y\264\252!T\205q\bm(\327ٟ\3570K\300\346\205\340\224\276%\247\320Q\370\336\352\350ſ(\220\201\351\234\032\337wp\367\026", shared_secret_out=0x76ff9400a9a0 "\243`\263\350\234\351\b\337\3418\026\035\327L\306=\265,\312ͥ+\006uÓ\036S6\215\0276") at cupqc_runtime.c:224
#6  0x000076ffc787353d in ossl_ml_kem_encap_rand () from /home/ubuntu/openssl-openssl-3.5.0/libcrypto.so.3
#7  0x000076ffc7a32480 in ml_kem_encapsulate () from /home/ubuntu/openssl-openssl-3.5.0/libcrypto.so.3
#8  0x00005e8f46335575 in gpu_worker (arg=0x7fff9f60d184) at benchmark_pqc.c:40
#9  0x000076ffc729caa4 in start_thread (arg=<optimized out>) at ./nptl/pthread_create.c:447
#10 0x000076ffc7329c6c in clone3 () at ../sysdeps/unix/sysv/linux/x86_64/clone3.S:78

Thread 1 (Thread 0x76ffc7c42000 (LWP 4732) "benchmark_pqc"):
#0  0x000076ffc7298d71 in __futex_abstimed_wait_common64 (private=128, cancel=true, abstime=0x0, op=265, expected=4750, futex_word=0x76ffb41482d0) at ./nptl/futex-internal.c:57
#1  __futex_abstimed_wait_common (cancel=true, private=128, abstime=0x0, clockid=0, expected=4750, futex_word=0x76ffb41482d0) at ./nptl/futex-internal.c:87
#2  __GI___futex_abstimed_wait_cancelable64 (futex_word=futex_word@entry=0x76ffb41482d0, expected=4750, clockid=clockid@entry=0, abstime=abstime@entry=0x0, private=private@entry=128) at ./nptl/futex-internal.c:139
#3  0x000076ffc729e7a3 in __pthread_clockjoin_ex (threadid=130840609980416, thread_return=0x0, clockid=0, abstime=0x0, block=<optimized out>) at ./nptl/pthread_join_common.c:102
#4  0x00005e8f463357a7 in main () at benchmark_pqc.c:82

Thread 16 (Thread 0x76ffc0bff000 (LWP 4733) "cuda00001400006"):
#0  0x000076ffc731b4fd in __GI___poll (fds=0x5e8f4d021bc0, nfds=3, timeout=-1) at ../sysdeps/unix/sysv/linux/poll.c:29
#1  0x000076ffc0f1ce27 in ?? () from /lib/x86_64-linux-gnu/libcuda.so.1
#2  0x000076ffc100c5f7 in ?? () from /lib/x86_64-linux-gnu/libcuda.so.1
#3  0x000076ffc0f08bb3 in ?? () from /lib/x86_64-linux-gnu/libcuda.so.1
#4  0x000076ffc729caa4 in start_thread (arg=<optimized out>) at ./nptl/pthread_create.c:447
#5  0x000076ffc7329c6c in clone3 () at ../sysdeps/unix/sysv/linux/x86_64/clone3.S:78

Thread 15 (Thread 0x76ffb4dde000 (LWP 4741) "cuda-EvtHandlr"):
#0  0x000076ffc731b4fd in __GI___poll (fds=0x76ffb0000c20, nfds=11, timeout=100) at ../sysdeps/unix/sysv/linux/poll.c:29
#1  0x000076ffc0f1ce27 in ?? () from /lib/x86_64-linux-gnu/libcuda.so.1
#2  0x000076ffc100c5f7 in ?? () from /lib/x86_64-linux-gnu/libcuda.so.1
#3  0x000076ffc0f08bb3 in ?? () from /lib/x86_64-linux-gnu/libcuda.so.1
#4  0x000076ffc729caa4 in start_thread (arg=<optimized out>) at ./nptl/pthread_create.c:447
#5  0x000076ffc7329c6c in clone3 () at ../sysdeps/unix/sysv/linux/x86_64/clone3.S:78

Thread 14 (Thread 0x76ffb4148000 (LWP 4750) "benchmark_pqc"):
#0  0x000076ffc7298d71 in __futex_abstimed_wait_common64 (private=0, cancel=true, abstime=0x0, op=393, expected=0, futex_word=0x76ffc75d28a0 <global_queue+500992>) at ./nptl/futex-internal.c:57
#1  __futex_abstimed_wait_common (cancel=true, private=0, abstime=0x0, clockid=0, expected=0, futex_word=0x76ffc75d28a0 <global_queue+500992>) at ./nptl/futex-internal.c:87
#2  __GI___futex_abstimed_wait_cancelable64 (futex_word=futex_word@entry=0x76ffc75d28a0 <global_queue+500992>, expected=expected@entry=0, clockid=clockid@entry=0, abstime=abstime@entry=0x0, private=private@entry=0) at ./nptl/futex-internal.c:139
#3  0x000076ffc729b7ed in __pthread_cond_wait_common (abstime=0x0, clockid=0, mutex=0x76ffc75d2850 <global_queue+500912>, cond=0x76ffc75d2878 <global_queue+500952>) at ./nptl/pthread_cond_wait.c:503
#4  ___pthread_cond_wait (cond=0x76ffc75d2878 <global_queue+500952>, mutex=0x76ffc75d2850 <global_queue+500912>) at ./nptl/pthread_cond_wait.c:627
#5  0x000076ffc746c132 in cupqc_submit_encap_job (public_key=0x76ffb4144310 "l\023\2379\200\300\020\021\023\276\0349\220\363aÒq\221\331r\327iJ\370\222\212n\211\305H\n\002\264\261\273\020\333\003I\025\005r\243C\\\206K|p\237\3115\251\370\201\216\214\034%\363\354|\265\301=7\nR\336g\220\236\372\227\210W\243>\231\r\030\254*?\253\266OG5*\321\310\373\321\030\022\367\274\270\260\243\234\363A\234\027!U\226\0310\304\020\200\214gS\006\313䰵\372\224\177X\023ih;8\224H\254\252\202T\ttG\222:\027\005doz\030:ID^\211\341\005'\262\037", <incomplete sequence \346>, randomness=0x76ffb41442f0 ",\203\003f\337I\"\023\316\200\204\222>{\002\256t\255F\375/\257R{\376\253\246@\\M\320\344l\023\2379\200\300\020\021\023\276\0349\220\363aÒq\221\331r\327iJ\370\222\212n\211\305H\n\002\264\261\273\020\333\003I\025\005r\243C\\\206K|p\237\3115\251\370\201\216\214\034%\363\354|\265\301=7\nR\336g\220\236\372\227\210W\243>\231\r\030\254*?\253\266OG5*\321\310\373\321\030\022\367\274\270\260\243\234\363A\234\027!U\226\0310\304\020\200\214gS\006\313䰵\372\224\177X\023ih;8\224H\254\252\202T\ttG\222:\027\005doz\030:ID^\211\341\005'\262\037", <incomplete sequence \346>, ciphertext_out=0x76ff8c01ac90 "\215\277\337}U\242\226\003\345\335\v]v\003\346\263\026ٖ\210\357k\017\0232\334$\341\302\004\035\216\2235\342\377+Qw\337\332\r \177S\343\222g\227ђU>\351a1z\376U\347*}\274\351\217\v8\\\b\216P\344\236ն\035=[\001\303\303\336PD\002L\334w\234\375\271\347ѳ\224=\032\373lM\300ҹ\257\225\201\347\001\027\240\024\226\021\276\311,Њ\3379+\375\231\263\211:\034\025\265\t)T\232\3132\214m\275\272\352,O5@\342\364z\341Ha=\356Pm9\377\204\r\251-\002L\206\236_\347+\341\206\027~ؤ\374\a\217\221x?\223r'b\210\001D4ƛ\355u\025\021\270\312\023z.\341\001"..., shared_secret_out=0x76ff8c005980 "ߍ7(\377C\342\302\004$H\324k\270\rƘh\027\323a͞\260\273\316\017Z\275G\236S") at cupqc_runtime.c:224
#6  0x000076ffc787353d in ossl_ml_kem_encap_rand () from /home/ubuntu/openssl-openssl-3.5.0/libcrypto.so.3
#7  0x000076ffc7a32480 in ml_kem_encapsulate () from /home/ubuntu/openssl-openssl-3.5.0/libcrypto.so.3
#8  0x00005e8f46335575 in gpu_worker (arg=0x7fff9f60d184) at benchmark_pqc.c:40
#9  0x000076ffc729caa4 in start_thread (arg=<optimized out>) at ./nptl/pthread_create.c:447
#10 0x000076ffc7329c6c in clone3 () at ../sysdeps/unix/sysv/linux/x86_64/clone3.S:78

Thread 13 (Thread 0x76ffb40c6000 (LWP 4752) "benchmark_pqc"):
#0  0x000076ffc7298d71 in __futex_abstimed_wait_common64 (private=0, cancel=true, abstime=0x0, op=393, expected=0, futex_word=0x76ffc75c0460 <global_queue+426176>) at ./nptl/futex-internal.c:57
#1  __futex_abstimed_wait_common (cancel=true, private=0, abstime=0x0, clockid=0, expected=0, futex_word=0x76ffc75c0460 <global_queue+426176>) at ./nptl/futex-internal.c:87
#2  __GI___futex_abstimed_wait_cancelable64 (futex_word=futex_word@entry=0x76ffc75c0460 <global_queue+426176>, expected=expected@entry=0, clockid=clockid@entry=0, abstime=abstime@entry=0x0, private=private@entry=0) at ./nptl/futex-internal.c:139
#3  0x000076ffc729b7ed in __pthread_cond_wait_common (abstime=0x0, clockid=0, mutex=0x76ffc75c0410 <global_queue+426096>, cond=0x76ffc75c0438 <global_queue+426136>) at ./nptl/pthread_cond_wait.c:503
#4  ___pthread_cond_wait (cond=0x76ffc75c0438 <global_queue+426136>, mutex=0x76ffc75c0410 <global_queue+426096>) at ./nptl/pthread_cond_wait.c:627
#5  0x000076ffc746c132 in cupqc_submit_encap_job (public_key=0x76ffb40c2310 "l\023\2379\200\300\020\021\023\276\0349\220\363aÒq\221\331r\327iJ\370\222\212n\211\305H\n\002\264\261\273\020\333\003I\025\005r\243C\\\206K|p\237\3115\251\370\201\216\214\034%\363\354|\265\301=7\nR\336g\220\236\372\227\210W\243>\231\r\030\254*?\253\266OG5*\321\310\373\321\030\022\367\274\270\260\243\234\363A\234\027!U\226\0310\304\020\200\214gS\006\313䰵\372\224\177X\023ih;8\224H\254\252\202T\ttG\222:\027\005doz\030:ID^\211\341\005'\262\037", <incomplete sequence \346>, randomness=0x76ffb40c22f0 "\250>\036\016\310\v\316\310\330)\364&\334O\035\261\0361zf\315\301rN\f\221\377\340\276s$\315l\023\2379\200\300\020\021\023\276\0349\220\363aÒq\221\331r\327iJ\370\222\212n\211\305H\n\002\264\261\273\020\333\003I\025\005r\243C\\\206K|p\237\3115\251\370\201\216\214\034%\363\354|\265\301=7\nR\336g\220\236\372\227\210W\243>\231\r\030\254*?\253\266OG5*\321\310\373\321\030\022\367\274\270\260\243\234\363A\234\027!U\226\0310\304\020\200\214gS\006\313䰵\372\224\177X\023ih;8\224H\254\252\202T\ttG\222:\027\005doz\030:ID^\211\341\005'\262\037", <incomplete sequence \346>, ciphertext_out=0x76ff8400d0a0 "\237l\307kʰ\303\355C`&\235\216\376\265B\366\303K\337$\342\353\214\351\227\316\327'\254\205\"\277\205\f\022_I&N\202\v\f\277\023\251\247\251\347z\366\233\240\223\005\274\035\327ɮ\324\355$\035e-rV\245\231\202Ob\247d3\271[\344\275\355\376-\277s\231\236\252Cv\205\341\2236\267Y0N\226\23091ą\264~\336̅\026H\327\2545\t\332R^\357\325?\237\267m\366\220`+\033dF\001_\340\200W\343i\004\214\030=\037\224\211\214>o\365֗\273\177\032\211ءw\036\264\214\003\203(I\276\247ڊ\024\376QHlg\376\377\343ī\363\030|\250`\205ɺ\\\362\016?Tyl\177S\371", <incomplete sequence \364>..., shared_secret_out=0x76ff84005660 "\242w\323\337\361\022\363ܕ\036\a\2026u\352?j\"<\256\254\351m\233>\350\234z\234=\b&") at cupqc_runtime.c:224
#6  0x000076ffc787353d in ossl_ml_kem_encap_rand () from /home/ubuntu/openssl-openssl-3.5.0/libcrypto.so.3
#7  0x000076ffc7a32480 in ml_kem_encapsulate () from /home/ubuntu/openssl-openssl-3.5.0/libcrypto.so.3
#8  0x00005e8f46335575 in gpu_worker (arg=0x7fff9f60d184) at benchmark_pqc.c:40
#9  0x000076ffc729caa4 in start_thread (arg=<optimized out>) at ./nptl/pthread_create.c:447
#10 0x000076ffc7329c6c in clone3 () at ../sysdeps/unix/sysv/linux/x86_64/clone3.S:78

Thread 12 (Thread 0x76ff5ba69000 (LWP 4831) "benchmark_pqc"):
#0  0x000076ffc7298d71 in __futex_abstimed_wait_common64 (private=0, cancel=true, abstime=0x0, op=393, expected=0, futex_word=0x76ffc75e5218 <global_queue+577144>) at ./nptl/futex-internal.c:57
#1  __futex_abstimed_wait_common (cancel=true, private=0, abstime=0x0, clockid=0, expected=0, futex_word=0x76ffc75e5218 <global_queue+577144>) at ./nptl/futex-internal.c:87
#2  __GI___futex_abstimed_wait_cancelable64 (futex_word=futex_word@entry=0x76ffc75e5218 <global_queue+577144>, expected=expected@entry=0, clockid=clockid@entry=0, abstime=abstime@entry=0x0, private=private@entry=0) at ./nptl/futex-internal.c:139
#3  0x000076ffc729b7ed in __pthread_cond_wait_common (abstime=0x0, clockid=0, mutex=0x76ffc75e51c8 <global_queue+577064>, cond=0x76ffc75e51f0 <global_queue+577104>) at ./nptl/pthread_cond_wait.c:503
#4  ___pthread_cond_wait (cond=0x76ffc75e51f0 <global_queue+577104>, mutex=0x76ffc75e51c8 <global_queue+577064>) at ./nptl/pthread_cond_wait.c:627
#5  0x000076ffc746c132 in cupqc_submit_encap_job (public_key=0x76ff5ba65310 "l\023\2379\200\300\020\021\023\276\0349\220\363aÒq\221\331r\327iJ\370\222\212n\211\305H\n\002\264\261\273\020\333\003I\025\005r\243C\\\206K|p\237\3115\251\370\201\216\214\034%\363\354|\265\301=7\nR\336g\220\236\372\227\210W\243>\231\r\030\254*?\253\266OG5*\321\310\373\321\030\022\367\274\270\260\243\234\363A\234\027!U\226\0310\304\020\200\214gS\006\313䰵\372\224\177X\023ih;8\224H\254\252\202T\ttG\222:\027\005doz\030:ID^\211\341\005'\262\037", <incomplete sequence \346>, randomness=0x76ff5ba652f0 "\200\221p\262:\200\242\250\034Zf\237\364u&(\213\372|l>>\350\261۫\254L5\023\254\343l\023\2379\200\300\020\021\023\276\0349\220\363aÒq\221\331r\327iJ\370\222\212n\211\305H\n\002\264\261\273\020\333\003I\025\005r\243C\\\206K|p\237\3115\251\370\201\216\214\034%\363\354|\265\301=7\nR\336g\220\236\372\227\210W\243>\231\r\030\254*?\253\266OG5*\321\310\373\321\030\022\367\274\270\260\243\234\363A\234\027!U\226\0310\304\020\200\214gS\006\313䰵\372\224\177X\023ih;8\224H\254\252\202T\ttG\222:\027\005doz\030:ID^\211\341\005'\262\037", <incomplete sequence \346>, ciphertext_out=0x76ff880377b0 "Q3\232c\365y!\265\231\027\025\a\256\002\346\237\006\246hr\200%\017u\n\345\220İ\n#WK\036,&\222h\257VG\366\241[\304mƓ\373\230\247\256W6\325vў\024\373\356\202*}\021\346\235<\343\351\241'\b\305\034&4S<WY\344f\207\n?\362\3708Kz\317\314\346\301Wd]\371\250\363r_\t;4k4R\350\306\334}\364\266p*y`\f\362<q\243)d\032\211&\225\327,\240ޗd&\300ʂ\366\030\370\234\331(\v\005\362\320jvn\3271l\361\022;\374*)\316\314\352\3407\211\025^@D5?0\302D\243\316Od`{W\306o\022gύL\312\001f1\257\302\351\3502"..., shared_secret_out=0x76ff880257c0 "\006\234u\375\373\206\354\233o]\024kӧ\245\356>\333\327\300ͭ=\a:\214\3773\375\351", <incomplete sequence \352\201>) at cupqc_runtime.c:224
#6  0x000076ffc787353d in ossl_ml_kem_encap_rand () from /home/ubuntu/openssl-openssl-3.5.0/libcrypto.so.3
#7  0x000076ffc7a32480 in ml_kem_encapsulate () from /home/ubuntu/openssl-openssl-3.5.0/libcrypto.so.3
#8  0x00005e8f46335575 in gpu_worker (arg=0x7fff9f60d184) at benchmark_pqc.c:40
#9  0x000076ffc729caa4 in start_thread (arg=<optimized out>) at ./nptl/pthread_create.c:447
#10 0x000076ffc7329c6c in clone3 () at ../sysdeps/unix/sysv/linux/x86_64/clone3.S:78

Thread 11 (Thread 0x76ff5adb7000 (LWP 4880) "benchmark_pqc"):
#0  0x000076ffc7298d71 in __futex_abstimed_wait_common64 (private=30463, cancel=true, abstime=0x0, op=393, expected=0, futex_word=0x76ffc75ff404 <global_queue+684132>) at ./nptl/futex-internal.c:57
#1  __futex_abstimed_wait_common (cancel=true, private=30463, abstime=0x0, clockid=0, expected=0, futex_word=0x76ffc75ff404 <global_queue+684132>) at ./nptl/futex-internal.c:87
#2  __GI___futex_abstimed_wait_cancelable64 (futex_word=futex_word@entry=0x76ffc75ff404 <global_queue+684132>, expected=expected@entry=0, clockid=clockid@entry=0, abstime=abstime@entry=0x0, private=private@entry=0) at ./nptl/futex-internal.c:139
#3  0x000076ffc729b7ed in __pthread_cond_wait_common (abstime=0x0, clockid=0, mutex=0x76ffc75ff3b0 <global_queue+684048>, cond=0x76ffc75ff3d8 <global_queue+684088>) at ./nptl/pthread_cond_wait.c:503
#4  ___pthread_cond_wait (cond=0x76ffc75ff3d8 <global_queue+684088>, mutex=0x76ffc75ff3b0 <global_queue+684048>) at ./nptl/pthread_cond_wait.c:627
#5  0x000076ffc746bac6 in cupqc_batch_worker (arg=0x0) at cupqc_runtime.c:114
#6  0x000076ffc729caa4 in start_thread (arg=<optimized out>) at ./nptl/pthread_create.c:447
#7  0x000076ffc7329c6c in clone3 () at ../sysdeps/unix/sysv/linux/x86_64/clone3.S:78

Thread 10 (Thread 0x76ff59c92000 (LWP 4918) "benchmark_pqc"):
#0  0x000076ffc7298d71 in __futex_abstimed_wait_common64 (private=0, cancel=true, abstime=0x0, op=393, expected=0, futex_word=0x76ffc75d3848 <global_queue+505000>) at ./nptl/futex-internal.c:57
#1  __futex_abstimed_wait_common (cancel=true, private=0, abstime=0x0, clockid=0, expected=0, futex_word=0x76ffc75d3848 <global_queue+505000>) at ./nptl/futex-internal.c:87
#2  __GI___futex_abstimed_wait_cancelable64 (futex_word=futex_word@entry=0x76ffc75d3848 <global_queue+505000>, expected=expected@entry=0, clockid=clockid@entry=0, abstime=abstime@entry=0x0, private=private@entry=0) at ./nptl/futex-internal.c:139
#3  0x000076ffc729b7ed in __pthread_cond_wait_common (abstime=0x0, clockid=0, mutex=0x76ffc75d37f8 <global_queue+504920>, cond=0x76ffc75d3820 <global_queue+504960>) at ./nptl/pthread_cond_wait.c:503
#4  ___pthread_cond_wait (cond=0x76ffc75d3820 <global_queue+504960>, mutex=0x76ffc75d37f8 <global_queue+504920>) at ./nptl/pthread_cond_wait.c:627
#5  0x000076ffc746c132 in cupqc_submit_encap_job (public_key=0x76ff59c8e310 "l\023\2379\200\300\020\021\023\276\0349\220\363aÒq\221\331r\327iJ\370\222\212n\211\305H\n\002\264\261\273\020\333\003I\025\005r\243C\\\206K|p\237\3115\251\370\201\216\214\034%\363\354|\265\301=7\nR\336g\220\236\372\227\210W\243>\231\r\030\254*?\253\266OG5*\321\310\373\321\030\022\367\274\270\260\243\234\363A\234\027!U\226\0310\304\020\200\214gS\006\313䰵\372\224\177X\023ih;8\224H\254\252\202T\ttG\222:\027\005doz\030:ID^\211\341\005'\262\037", <incomplete sequence \346>, randomness=0x76ff59c8e2f0 "\347\252\325\302Ɇsdv\330\030.\254e\376\342\031t'^U\257\233n\023\242\347\001\265\352A\260l\023\2379\200\300\020\021\023\276\0349\220\363aÒq\221\331r\327iJ\370\222\212n\211\305H\n\002\264\261\273\020\333\003I\025\005r\243C\\\206K|p\237\3115\251\370\201\216\214\034%\363\354|\265\301=7\nR\336g\220\236\372\227\210W\243>\231\r\030\254*?\253\266OG5*\321\310\373\321\030\022\367\274\270\260\243\234\363A\234\027!U\226\0310\304\020\200\214gS\006\313䰵\372\224\177X\023ih;8\224H\254\252\202T\ttG\222:\027\005doz\030:ID^\211\341\005'\262\037", <incomplete sequence \346>, ciphertext_out=0x76ff34010ac0 "I\324yYP\354?", <incomplete sequence \334>, shared_secret_out=0x76ff34040310 "OY\025G\237u\225\320k\200\304t\347\331\362\331cp\250\204*W\260\020\224Y\354\314w\340\357", <incomplete sequence \343>) at cupqc_runtime.c:224
#6  0x000076ffc787353d in ossl_ml_kem_encap_rand () from /home/ubuntu/openssl-openssl-3.5.0/libcrypto.so.3
#7  0x000076ffc7a32480 in ml_kem_encapsulate () from /home/ubuntu/openssl-openssl-3.5.0/libcrypto.so.3
#8  0x00005e8f46335575 in gpu_worker (arg=0x7fff9f60d184) at benchmark_pqc.c:40
#9  0x000076ffc729caa4 in start_thread (arg=<optimized out>) at ./nptl/pthread_create.c:447
#10 0x000076ffc7329c6c in clone3 () at ../sysdeps/unix/sysv/linux/x86_64/clone3.S:78

Thread 9 (Thread 0x76ff59c10000 (LWP 4920) "benchmark_pqc"):
#0  0x000076ffc7298d71 in __futex_abstimed_wait_common64 (private=0, cancel=true, abstime=0x0, op=393, expected=0, futex_word=0x76ffc75cbb08 <global_queue+472936>) at ./nptl/futex-internal.c:57
#1  __futex_abstimed_wait_common (cancel=true, private=0, abstime=0x0, clockid=0, expected=0, futex_word=0x76ffc75cbb08 <global_queue+472936>) at ./nptl/futex-internal.c:87
#2  __GI___futex_abstimed_wait_cancelable64 (futex_word=futex_word@entry=0x76ffc75cbb08 <global_queue+472936>, expected=expected@entry=0, clockid=clockid@entry=0, abstime=abstime@entry=0x0, private=private@entry=0) at ./nptl/futex-internal.c:139
#3  0x000076ffc729b7ed in __pthread_cond_wait_common (abstime=0x0, clockid=0, mutex=0x76ffc75cbab8 <global_queue+472856>, cond=0x76ffc75cbae0 <global_queue+472896>) at ./nptl/pthread_cond_wait.c:503
#4  ___pthread_cond_wait (cond=0x76ffc75cbae0 <global_queue+472896>, mutex=0x76ffc75cbab8 <global_queue+472856>) at ./nptl/pthread_cond_wait.c:627
#5  0x000076ffc746c132 in cupqc_submit_encap_job (public_key=0x76ff59c0c310 "l\023\2379\200\300\020\021\023\276\0349\220\363aÒq\221\331r\327iJ\370\222\212n\211\305H\n\002\264\261\273\020\333\003I\025\005r\243C\\\206K|p\237\3115\251\370\201\216\214\034%\363\354|\265\301=7\nR\336g\220\236\372\227\210W\243>\231\r\030\254*?\253\266OG5*\321\310\373\321\030\022\367\274\270\260\243\234\363A\234\027!U\226\0310\304\020\200\214gS\006\313䰵\372\224\177X\023ih;8\224H\254\252\202T\ttG\222:\027\005doz\030:ID^\211\341\005'\262\037", <incomplete sequence \346>, randomness=0x76ff59c0c2f0 "\356T\237k\023?\021\326\306\300RӖc\3350\240I\314\344\373\353\235d@u\360lF\004|\025l\023\2379\200\300\020\021\023\276\0349\220\363aÒq\221\331r\327iJ\370\222\212n\211\305H\n\002\264\261\273\020\333\003I\025\005r\243C\\\206K|p\237\3115\251\370\201\216\214\034%\363\354|\265\301=7\nR\336g\220\236\372\227\210W\243>\231\r\030\254*?\253\266OG5*\321\310\373\321\030\022\367\274\270\260\243\234\363A\234\027!U\226\0310\304\020\200\214gS\006\313䰵\372\224\177X\023ih;8\224H\254\252\202T\ttG\222:\027\005doz\030:ID^\211\341\005'\262\037", <incomplete sequence \346>, ciphertext_out=0x76ff3002dfa0 "us?\264t\373 \247\t\020#\255\221R\356f[\340\340\226ۖ\340\315{Z\254\017S\304\006\207\363TY\253\321\f\212\336W\031\"\224\226tj\212\2003S\340\222.T0zF\004\240\005i\227kz,\304\024\020\263", shared_secret_out=0x76ff300267a0 "O\231\3700婰@\200F\232?\335z'*Y\233\327\341҉n+\034_\343\362\363N\261\225") at cupqc_runtime.c:224
#6  0x000076ffc787353d in ossl_ml_kem_encap_rand () from /home/ubuntu/openssl-openssl-3.5.0/libcrypto.so.3
#7  0x000076ffc7a32480 in ml_kem_encapsulate () from /home/ubuntu/openssl-openssl-3.5.0/libcrypto.so.3
#8  0x00005e8f46335575 in gpu_worker (arg=0x7fff9f60d184) at benchmark_pqc.c:40
#9  0x000076ffc729caa4 in start_thread (arg=<optimized out>) at ./nptl/pthread_create.c:447
#10 0x000076ffc7329c6c in clone3 () at ../sysdeps/unix/sysv/linux/x86_64/clone3.S:78

Thread 8 (Thread 0x76ff59a08000 (LWP 4928) "benchmark_pqc"):
#0  0x000076ffc7298d71 in __futex_abstimed_wait_common64 (private=0, cancel=true, abstime=0x0, op=393, expected=0, futex_word=0x76ffc75ca0f0 <global_queue+466256>) at ./nptl/futex-internal.c:57
#1  __futex_abstimed_wait_common (cancel=true, private=0, abstime=0x0, clockid=0, expected=0, futex_word=0x76ffc75ca0f0 <global_queue+466256>) at ./nptl/futex-internal.c:87
#2  __GI___futex_abstimed_wait_cancelable64 (futex_word=futex_word@entry=0x76ffc75ca0f0 <global_queue+466256>, expected=expected@entry=0, clockid=clockid@entry=0, abstime=abstime@entry=0x0, private=private@entry=0) at ./nptl/futex-internal.c:139
#3  0x000076ffc729b7ed in __pthread_cond_wait_common (abstime=0x0, clockid=0, mutex=0x76ffc75ca0a0 <global_queue+466176>, cond=0x76ffc75ca0c8 <global_queue+466216>) at ./nptl/pthread_cond_wait.c:503
#4  ___pthread_cond_wait (cond=0x76ffc75ca0c8 <global_queue+466216>, mutex=0x76ffc75ca0a0 <global_queue+466176>) at ./nptl/pthread_cond_wait.c:627
#5  0x000076ffc746c132 in cupqc_submit_encap_job (public_key=0x76ff59a04310 "l\023\2379\200\300\020\021\023\276\0349\220\363aÒq\221\331r\327iJ\370\222\212n\211\305H\n\002\264\261\273\020\333\003I\025\005r\243C\\\206K|p\237\3115\251\370\201\216\214\034%\363\354|\265\301=7\nR\336g\220\236\372\227\210W\243>\231\r\030\254*?\253\266OG5*\321\310\373\321\030\022\367\274\270\260\243\234\363A\234\027!U\226\0310\304\020\200\214gS\006\313䰵\372\224\177X\023ih;8\224H\254\252\202T\ttG\222:\027\005doz\030:ID^\211\341\005'\262\037", <incomplete sequence \346>, randomness=0x76ff59a042f0 "\t\b\263\034\223r\376د}\354\211D\aкF\020\214\337\030QZ\224;ly\264\245\274\241\335l\023\2379\200\300\020\021\023\276\0349\220\363aÒq\221\331r\327iJ\370\222\212n\211\305H\n\002\264\261\273\020\333\003I\025\005r\243C\\\206K|p\237\3115\251\370\201\216\214\034%\363\354|\265\301=7\nR\336g\220\236\372\227\210W\243>\231\r\030\254*?\253\266OG5*\321\310\373\321\030\022\367\274\270\260\243\234\363A\234\027!U\226\0310\304\020\200\214gS\006\313䰵\372\224\177X\023ih;8\224H\254\252\202T\ttG\222:\027\005doz\030:ID^\211\341\005'\262\037", <incomplete sequence \346>, ciphertext_out=0x76ff6c00ffd0 "\277j\342\370\226QD\203\024Be\377\033\217\250´Z\021\033\250[E\312e\226\t\vN\372\365ƚ\225", shared_secret_out=0x76ff6c02e5e0 "*\373\222\340\252Z(\367\247#\034\033iG^E\0212\006ȁ=\225F[\253~\300^\365<\202") at cupqc_runtime.c:224
#6  0x000076ffc787353d in ossl_ml_kem_encap_rand () from /home/ubuntu/openssl-openssl-3.5.0/libcrypto.so.3
#7  0x000076ffc7a32480 in ml_kem_encapsulate () from /home/ubuntu/openssl-openssl-3.5.0/libcrypto.so.3
#8  0x00005e8f46335575 in gpu_worker (arg=0x7fff9f60d184) at benchmark_pqc.c:40
#9  0x000076ffc729caa4 in start_thread (arg=<optimized out>) at ./nptl/pthread_create.c:447
#10 0x000076ffc7329c6c in clone3 () at ../sysdeps/unix/sysv/linux/x86_64/clone3.S:78

Thread 7 (Thread 0x76ff594f4000 (LWP 4948) "benchmark_pqc"):
#0  0x000076ffc7298d71 in __futex_abstimed_wait_common64 (private=0, cancel=true, abstime=0x0, op=393, expected=0, futex_word=0x76ffc75c1408 <global_queue+430184>) at ./nptl/futex-internal.c:57
#1  __futex_abstimed_wait_common (cancel=true, private=0, abstime=0x0, clockid=0, expected=0, futex_word=0x76ffc75c1408 <global_queue+430184>) at ./nptl/futex-internal.c:87
#2  __GI___futex_abstimed_wait_cancelable64 (futex_word=futex_word@entry=0x76ffc75c1408 <global_queue+430184>, expected=expected@entry=0, clockid=clockid@entry=0, abstime=abstime@entry=0x0, private=private@entry=0) at ./nptl/futex-internal.c:139
#3  0x000076ffc729b7ed in __pthread_cond_wait_common (abstime=0x0, clockid=0, mutex=0x76ffc75c13b8 <global_queue+430104>, cond=0x76ffc75c13e0 <global_queue+430144>) at ./nptl/pthread_cond_wait.c:503
#4  ___pthread_cond_wait (cond=0x76ffc75c13e0 <global_queue+430144>, mutex=0x76ffc75c13b8 <global_queue+430104>) at ./nptl/pthread_cond_wait.c:627
#5  0x000076ffc746c132 in cupqc_submit_encap_job (public_key=0x76ff594f0310 "l\023\2379\200\300\020\021\023\276\0349\220\363aÒq\221\331r\327iJ\370\222\212n\211\305H\n\002\264\261\273\020\333\003I\025\005r\243C\\\206K|p\237\3115\251\370\201\216\214\034%\363\354|\265\301=7\nR\336g\220\236\372\227\210W\243>\231\r\030\254*?\253\266OG5*\321\310\373\321\030\022\367\274\270\260\243\234\363A\234\027!U\226\0310\304\020\200\214gS\006\313䰵\372\224\177X\023ih;8\224H\254\252\202T\ttG\222:\027\005doz\030:ID^\211\341\005'\262\037", <incomplete sequence \346>, randomness=0x76ff594f02f0 "[܍\250\233\371\034`\270\240\247\346\200r\021HL1\373&\017}a,\271\371\004\274\244\\A\255l\023\2379\200\300\020\021\023\276\0349\220\363aÒq\221\331r\327iJ\370\222\212n\211\305H\n\002\264\261\273\020\333\003I\025\005r\243C\\\206K|p\237\3115\251\370\201\216\214\034%\363\354|\265\301=7\nR\336g\220\236\372\227\210W\243>\231\r\030\254*?\253\266OG5*\321\310\373\321\030\022\367\274\270\260\243\234\363A\234\027!U\226\0310\304\020\200\214gS\006\313䰵\372\224\177X\023ih;8\224H\254\252\202T\ttG\222:\027\005doz\030:ID^\211\341\005'\262\037", <incomplete sequence \346>, ciphertext_out=0x76ff40004560 "}\300I\\\302x|N$\177\247Xx_\237\346\n\264FW\360=~\274\257\v\263\037D\3325:H\r\251\274\273\335\375\363\020=R\355\2334\005~^\355\vUr\027\312\0234\205\212^\354\320R\324<\375\220c\356\246zg\210\222Dü\2356\263\024&\270A$\023<\2518Et5\031u\221\374E\335'\256\317\\ \006wv-\252\340$.\214\006\234\3447\031 ʮ\377\320\020\321\360E-,\372`a\345\254Ѹɫdb\fp\020t\005\035\026OA\371\312>ۓ\334\030\004\034|შo\005\314\177\300\371mŊ1n\205\nj\237o\373\331\352\036E\200\361\347\016\304\375\340#ž\346\037n\036f;!\253"..., shared_secret_out=0x76ff40015a60 "\374\"\275ƚ:Fc\332\022\266fi\271\242\361\0235\316\0252\350\315L\274\263\226ġR\262}") at cupqc_runtime.c:224
#6  0x000076ffc787353d in ossl_ml_kem_encap_rand () from /home/ubuntu/openssl-openssl-3.5.0/libcrypto.so.3
#7  0x000076ffc7a32480 in ml_kem_encapsulate () from /home/ubuntu/openssl-openssl-3.5.0/libcrypto.so.3
#8  0x00005e8f46335575 in gpu_worker (arg=0x7fff9f60d184) at benchmark_pqc.c:40
#9  0x000076ffc729caa4 in start_thread (arg=<optimized out>) at ./nptl/pthread_create.c:447
#10 0x000076ffc7329c6c in clone3 () at ../sysdeps/unix/sysv/linux/x86_64/clone3.S:78

Thread 6 (Thread 0x76ff58fe0000 (LWP 4968) "benchmark_pqc"):
#0  0x000076ffc7298d71 in __futex_abstimed_wait_common64 (private=0, cancel=true, abstime=0x0, op=393, expected=0, futex_word=0x76ffc75cef38 <global_queue+486296>) at ./nptl/futex-internal.c:57
#1  __futex_abstimed_wait_common (cancel=true, private=0, abstime=0x0, clockid=0, expected=0, futex_word=0x76ffc75cef38 <global_queue+486296>) at ./nptl/futex-internal.c:87
#2  __GI___futex_abstimed_wait_cancelable64 (futex_word=futex_word@entry=0x76ffc75cef38 <global_queue+486296>, expected=expected@entry=0, clockid=clockid@entry=0, abstime=abstime@entry=0x0, private=private@entry=0) at ./nptl/futex-internal.c:139
#3  0x000076ffc729b7ed in __pthread_cond_wait_common (abstime=0x0, clockid=0, mutex=0x76ffc75ceee8 <global_queue+486216>, cond=0x76ffc75cef10 <global_queue+486256>) at ./nptl/pthread_cond_wait.c:503
#4  ___pthread_cond_wait (cond=0x76ffc75cef10 <global_queue+486256>, mutex=0x76ffc75ceee8 <global_queue+486216>) at ./nptl/pthread_cond_wait.c:627
#5  0x000076ffc746c132 in cupqc_submit_encap_job (public_key=0x76ff58fdc310 "l\023\2379\200\300\020\021\023\276\0349\220\363aÒq\221\331r\327iJ\370\222\212n\211\305H\n\002\264\261\273\020\333\003I\025\005r\243C\\\206K|p\237\3115\251\370\201\216\214\034%\363\354|\265\301=7\nR\336g\220\236\372\227\210W\243>\231\r\030\254*?\253\266OG5*\321\310\373\321\030\022\367\274\270\260\243\234\363A\234\027!U\226\0310\304\020\200\214gS\006\313䰵\372\224\177X\023ih;8\224H\254\252\202T\ttG\222:\027\005doz\030:ID^\211\341\005'\262\037", <incomplete sequence \346>, randomness=0x76ff58fdc2f0 "\276\307\362?~D>N\003\230\252轱aԟ\254\207\326y5\340\004'V\027,b\004\236\027l\023\2379\200\300\020\021\023\276\0349\220\363aÒq\221\331r\327iJ\370\222\212n\211\305H\n\002\264\261\273\020\333\003I\025\005r\243C\\\206K|p\237\3115\251\370\201\216\214\034%\363\354|\265\301=7\nR\336g\220\236\372\227\210W\243>\231\r\030\254*?\253\266OG5*\321\310\373\321\030\022\367\274\270\260\243\234\363A\234\027!U\226\0310\304\020\200\214gS\006\313䰵\372\224\177X\023ih;8\224H\254\252\202T\ttG\222:\027\005doz\030:ID^\211\341\005'\262\037", <incomplete sequence \346>, ciphertext_out=0x76ff940123c0 "Y\352ĨI\243\356\032jT\361|\0062:j@\3506'\240I\236P\336+\210\016\331f\266\022K\225\245\310_\223,\304{\225\264R\177\204\203<h\317\r\303\305\033\250\242\224\245\364\216QcX<\344)X}\210\252_\247\316eiY\261Q9\300m\342|nq\371,}\202\200\234C].\342\241\364\330\026\231\2413\353v܈\2243\262\340\366\303`p\254vB\016'$\250\277\235b_\255\260\271=\203\213\326'髃\246\343ų?^\023\003Q\263\271\034jN\036\020xԁ\375", <incomplete sequence \365\221>, shared_secret_out=0x76ff9400bee0 "\242T\262q\211\177'r\305 \263\306\320\302\213&\273\327\317I\235\026\3441z\021IF\231\365\275g") at cupqc_runtime.c:224
#6  0x000076ffc787353d in ossl_ml_kem_encap_rand () from /home/ubuntu/openssl-openssl-3.5.0/libcrypto.so.3
#7  0x000076ffc7a32480 in ml_kem_encapsulate () from /home/ubuntu/openssl-openssl-3.5.0/libcrypto.so.3
#8  0x00005e8f46335575 in gpu_worker (arg=0x7fff9f60d184) at benchmark_pqc.c:40
#9  0x000076ffc729caa4 in start_thread (arg=<optimized out>) at ./nptl/pthread_create.c:447
#10 0x000076ffc7329c6c in clone3 () at ../sysdeps/unix/sysv/linux/x86_64/clone3.S:78

Thread 5 (Thread 0x76ff58d56000 (LWP 4978) "benchmark_pqc"):
#0  0x000076ffc7298d71 in __futex_abstimed_wait_common64 (private=0, cancel=true, abstime=0x0, op=393, expected=0, futex_word=0x76ffc75c0ed0 <global_queue+428848>) at ./nptl/futex-internal.c:57
#1  __futex_abstimed_wait_common (cancel=true, private=0, abstime=0x0, clockid=0, expected=0, futex_word=0x76ffc75c0ed0 <global_queue+428848>) at ./nptl/futex-internal.c:87
#2  __GI___futex_abstimed_wait_cancelable64 (futex_word=futex_word@entry=0x76ffc75c0ed0 <global_queue+428848>, expected=expected@entry=0, clockid=clockid@entry=0, abstime=abstime@entry=0x0, private=private@entry=0) at ./nptl/futex-internal.c:139
#3  0x000076ffc729b7ed in __pthread_cond_wait_common (abstime=0x0, clockid=0, mutex=0x76ffc75c0e80 <global_queue+428768>, cond=0x76ffc75c0ea8 <global_queue+428808>) at ./nptl/pthread_cond_wait.c:503
#4  ___pthread_cond_wait (cond=0x76ffc75c0ea8 <global_queue+428808>, mutex=0x76ffc75c0e80 <global_queue+428768>) at ./nptl/pthread_cond_wait.c:627
#5  0x000076ffc746c132 in cupqc_submit_encap_job (public_key=0x76ff58d52310 "l\023\2379\200\300\020\021\023\276\0349\220\363aÒq\221\331r\327iJ\370\222\212n\211\305H\n\002\264\261\273\020\333\003I\025\005r\243C\\\206K|p\237\3115\251\370\201\216\214\034%\363\354|\265\301=7\nR\336g\220\236\372\227\210W\243>\231\r\030\254*?\253\266OG5*\321\310\373\321\030\022\367\274\270\260\243\234\363A\234\027!U\226\0310\304\020\200\214gS\006\313䰵\372\224\177X\023ih;8\224H\254\252\202T\ttG\222:\027\005doz\030:ID^\211\341\005'\262\037", <incomplete sequence \346>, randomness=0x76ff58d522f0 "\302\033\343g\316\001\036YM\266\372\372\227\246\276\0062^A݇lL\340-6\306\355\306溉l\023\2379\200\300\020\021\023\276\0349\220\363aÒq\221\331r\327iJ\370\222\212n\211\305H\n\002\264\261\273\020\333\003I\025\005r\243C\\\206K|p\237\3115\251\370\201\216\214\034%\363\354|\265\301=7\nR\336g\220\236\372\227\210W\243>\231\r\030\254*?\253\266OG5*\321\310\373\321\030\022\367\274\270\260\243\234\363A\234\027!U\226\0310\304\020\200\214gS\006\313䰵\372\224\177X\023ih;8\224H\254\252\202T\ttG\222:\027\005doz\030:ID^\211\341\005'\262\037", <incomplete sequence \346>, ciphertext_out=0x5e8f4db39570 "C\025\005PS\227b/\207\245\300\305䦕\3770u\337U\v\345\354p\240\265\337}y\331\366\206&\253\366\374\363\340M\325N\254\257/j{\322ӹ\341\370\337\005Q\331\027\216J\265\362>\037cS\270<F\210\214\200R|>u\205\266[V\v0\224=\367\31511,\253\032]\005Y\263\006\352Q\357[\017\373\214\034\255\274\201\221P0՝\367\210\343\372d}\264_\256\n\372?\v3\331\327\0312(t\232\036\a\215\372 \267\266\236\2625i\226\232\367\213[vS\216AO1\253\017I\346\325\t\223\230m\3517\217\262W\301\266\371^\r\003Fq\364\261\255?\026Z\206\a\001Ԯ\0166\226Öld\003!h\200\206\326-"..., shared_secret_out=0x5e8f4db4aeb0 "\\te\214\246\352\232\004&\202o\201\023\270\325EE\341\226`\2061\006]\3628\272`\331\354L3") at cupqc_runtime.c:224
#6  0x000076ffc787353d in ossl_ml_kem_encap_rand () from /home/ubuntu/openssl-openssl-3.5.0/libcrypto.so.3
#7  0x000076ffc7a32480 in ml_kem_encapsulate () from /home/ubuntu/openssl-openssl-3.5.0/libcrypto.so.3
#8  0x00005e8f46335575 in gpu_worker (arg=0x7fff9f60d184) at benchmark_pqc.c:40
#9  0x000076ffc729caa4 in start_thread (arg=<optimized out>) at ./nptl/pthread_create.c:447
#10 0x000076ffc7329c6c in clone3 () at ../sysdeps/unix/sysv/linux/x86_64/clone3.S:78

Thread 4 (Thread 0x76ff58c93000 (LWP 4981) "benchmark_pqc"):
#0  0x000076ffc7298d71 in __futex_abstimed_wait_common64 (private=0, cancel=true, abstime=0x0, op=393, expected=0, futex_word=0x76ffc75bcaf8 <global_queue+411480>) at ./nptl/futex-internal.c:57
#1  __futex_abstimed_wait_common (cancel=true, private=0, abstime=0x0, clockid=0, expected=0, futex_word=0x76ffc75bcaf8 <global_queue+411480>) at ./nptl/futex-internal.c:87
#2  __GI___futex_abstimed_wait_cancelable64 (futex_word=futex_word@entry=0x76ffc75bcaf8 <global_queue+411480>, expected=expected@entry=0, clockid=clockid@entry=0, abstime=abstime@entry=0x0, private=private@entry=0) at ./nptl/futex-internal.c:139
#3  0x000076ffc729b7ed in __pthread_cond_wait_common (abstime=0x0, clockid=0, mutex=0x76ffc75bcaa8 <global_queue+411400>, cond=0x76ffc75bcad0 <global_queue+411440>) at ./nptl/pthread_cond_wait.c:503
#4  ___pthread_cond_wait (cond=0x76ffc75bcad0 <global_queue+411440>, mutex=0x76ffc75bcaa8 <global_queue+411400>) at ./nptl/pthread_cond_wait.c:627
#5  0x000076ffc746c132 in cupqc_submit_encap_job (public_key=0x76ff58c8f310 "l\023\2379\200\300\020\021\023\276\0349\220\363aÒq\221\331r\327iJ\370\222\212n\211\305H\n\002\264\261\273\020\333\003I\025\005r\243C\\\206K|p\237\3115\251\370\201\216\214\034%\363\354|\265\301=7\nR\336g\220\236\372\227\210W\243>\231\r\030\254*?\253\266OG5*\321\310\373\321\030\022\367\274\270\260\243\234\363A\234\027!U\226\0310\304\020\200\214gS\006\313䰵\372\224\177X\023ih;8\224H\254\252\202T\ttG\222:\027\005doz\030:ID^\211\341\005'\262\037", <incomplete sequence \346>, randomness=0x76ff58c8f2f0 "I\214g\2277ۗ\256", ciphertext_out=0x76ff88024d80 "\377|E>K\325\021(\374\030\217\261B\272?\207\020V\276\362ft\213\336\321ĵ\033\276b\270!\352\227c\314a\271\237\263\023\273\275\353V1\261ln\3401.\337\023\237\030a#Z@\253i\301A\204BBdX\371\230\233BU\317\317\316\344xJ\344%ļ\366\f.\n\216\222\3679U\231\274\273\271\237\340n\247\027&\336\266&\247\f\376\002\245\250`t\3373\350uɡ\217\216+̸\257Ym\232\3500\030v\275\320;\270(\217\005u\036X\215K\235\310u\357\273'&\265\334l\a[>a\202&\342\2448\2513+S:\267\231\027V\201\271\367(b\223\305T\r\230\302m\333X\005P\0266\246\311g\342o\033꤉"..., shared_secret_out=0x76ff8802a8b0 ".`\373\017\023I\342\340\016~\301Moi㯶\254\313I\230\231\005\256\320#\223\024\363VY\252") at cupqc_runtime.c:224
#6  0x000076ffc787353d in ossl_ml_kem_encap_rand () from /home/ubuntu/openssl-openssl-3.5.0/libcrypto.so.3
#7  0x000076ffc7a32480 in ml_kem_encapsulate () from /home/ubuntu/openssl-openssl-3.5.0/libcrypto.so.3
#8  0x00005e8f46335575 in gpu_worker (arg=0x7fff9f60d184) at benchmark_pqc.c:40
#9  0x000076ffc729caa4 in start_thread (arg=<optimized out>) at ./nptl/pthread_create.c:447
#10 0x000076ffc7329c6c in clone3 () at ../sysdeps/unix/sysv/linux/x86_64/clone3.S:78

Thread 3 (Thread 0x76ff58c11000 (LWP 4983) "benchmark_pqc"):
#0  0x000076ffc7298d71 in __futex_abstimed_wait_common64 (private=0, cancel=true, abstime=0x0, op=393, expected=0, futex_word=0x76ffc75b4db8 <global_queue+379416>) at ./nptl/futex-internal.c:57
#1  __futex_abstimed_wait_common (cancel=true, private=0, abstime=0x0, clockid=0, expected=0, futex_word=0x76ffc75b4db8 <global_queue+379416>) at ./nptl/futex-internal.c:87
#2  __GI___futex_abstimed_wait_cancelable64 (futex_word=futex_word@entry=0x76ffc75b4db8 <global_queue+379416>, expected=expected@entry=0, clockid=clockid@entry=0, abstime=abstime@entry=0x0, private=private@entry=0) at ./nptl/futex-internal.c:139
#3  0x000076ffc729b7ed in __pthread_cond_wait_common (abstime=0x0, clockid=0, mutex=0x76ffc75b4d68 <global_queue+379336>, cond=0x76ffc75b4d90 <global_queue+379376>) at ./nptl/pthread_cond_wait.c:503
#4  ___pthread_cond_wait (cond=0x76ffc75b4d90 <global_queue+379376>, mutex=0x76ffc75b4d68 <global_queue+379336>) at ./nptl/pthread_cond_wait.c:627
#5  0x000076ffc746c132 in cupqc_submit_encap_job (public_key=0x76ff58c0d310 "l\023\2379\200\300\020\021\023\276\0349\220\363aÒq\221\331r\327iJ\370\222\212n\211\305H\n\002\264\261\273\020\333\003I\025\005r\243C\\\206K|p\237\3115\251\370\201\216\214\034%\363\354|\265\301=7\nR\336g\220\236\372\227\210W\243>\231\r\030\254*?\253\266OG5*\321\310\373\321\030\022\367\274\270\260\243\234\363A\234\027!U\226\0310\304\020\200\214gS\006\313䰵\372\224\177X\023ih;8\224H\254\252\202T\ttG\222:\027\005doz\030:ID^\211\341\005'\262\037", <incomplete sequence \346>, randomness=0x76ff58c0d2f0 "\216\024\213\226z\313Id\202\220\365\347\300t\362\3652mЂ\377\r;\v\373k\225-\312\310(\351l\023\2379\200\300\020\021\023\276\0349\220\363aÒq\221\331r\327iJ\370\222\212n\211\305H\n\002\264\261\273\020\333\003I\025\005r\243C\\\206K|p\237\3115\251\370\201\216\214\034%\363\354|\265\301=7\nR\336g\220\236\372\227\210W\243>\231\r\030\254*?\253\266OG5*\321\310\373\321\030\022\367\274\270\260\243\234\363A\234\027!U\226\0310\304\020\200\214gS\006\313䰵\372\224\177X\023ih;8\224H\254\252\202T\ttG\222:\027\005doz\030:ID^\211\341\005'\262\037", <incomplete sequence \346>, ciphertext_out=0x76ff480184c0 "\377\033\030b`TtȐ\361\340mQS\221\213%\236\3720\320hO\"ú,@(ʅ\326\017)\026\322ɥ)s\210h\022j\303aܾ\257,\243\211\242\vl\025\206\023Ҫ]T\315hm\226\247$?\222{\314\357BC˲_:{\263\004Zע\240\275\212\316\302\021\211\363\353\273\351\273\315W,A\256\352ó\203\203\2226\224T\270T\244\257<\254\243Qc \"\034\314,\177\345\265\357\v:\311;?Q\377\336\273\251\350", <incomplete sequence \313>, shared_secret_out=0x76ff480035b0 "\344^\205\024\306cȜ\213\257;\270w\0047|\361\215\217+ϑ\237\024\346\020\373\327\210\273B\271") at cupqc_runtime.c:224
#6  0x000076ffc787353d in ossl_ml_kem_encap_rand () from /home/ubuntu/openssl-openssl-3.5.0/libcrypto.so.3
#7  0x000076ffc7a32480 in ml_kem_encapsulate () from /home/ubuntu/openssl-openssl-3.5.0/libcrypto.so.3
#8  0x00005e8f46335575 in gpu_worker (arg=0x7fff9f60d184) at benchmark_pqc.c:40
#9  0x000076ffc729caa4 in start_thread (arg=<optimized out>) at ./nptl/pthread_create.c:447
#10 0x000076ffc7329c6c in clone3 () at ../sysdeps/unix/sysv/linux/x86_64/clone3.S:78

Thread 2 (Thread 0x76ff587c0000 (LWP 5000) "benchmark_pqc"):
#0  0x000076ffc7298d71 in __futex_abstimed_wait_common64 (private=0, cancel=true, abstime=0x0, op=393, expected=0, futex_word=0x76ffc75d2dd8 <global_queue+502328>) at ./nptl/futex-internal.c:57
#1  __futex_abstimed_wait_common (cancel=true, private=0, abstime=0x0, clockid=0, expected=0, futex_word=0x76ffc75d2dd8 <global_queue+502328>) at ./nptl/futex-internal.c:87
#2  __GI___futex_abstimed_wait_cancelable64 (futex_word=futex_word@entry=0x76ffc75d2dd8 <global_queue+502328>, expected=expected@entry=0, clockid=clockid@entry=0, abstime=abstime@entry=0x0, private=private@entry=0) at ./nptl/futex-internal.c:139
#3  0x000076ffc729b7ed in __pthread_cond_wait_common (abstime=0x0, clockid=0, mutex=0x76ffc75d2d88 <global_queue+502248>, cond=0x76ffc75d2db0 <global_queue+502288>) at ./nptl/pthread_cond_wait.c:503
#4  ___pthread_cond_wait (cond=0x76ffc75d2db0 <global_queue+502288>, mutex=0x76ffc75d2d88 <global_queue+502248>) at ./nptl/pthread_cond_wait.c:627
#5  0x000076ffc746c132 in cupqc_submit_encap_job (public_key=0x76ff587bc310 "l\023\2379\200\300\020\021\023\276\0349\220\363aÒq\221\331r\327iJ\370\222\212n\211\305H\n\002\264\261\273\020\333\003I\025\005r\243C\\\206K|p\237\3115\251\370\201\216\214\034%\363\354|\265\301=7\nR\336g\220\236\372\227\210W\243>\231\r\030\254*?\253\266OG5*\321\310\373\321\030\022\367\274\270\260\243\234\363A\234\027!U\226\0310\304\020\200\214gS\006\313䰵\372\224\177X\023ih;8\224H\254\252\202T\ttG\222:\027\005doz\030:ID^\211\341\005'\262\037", <incomplete sequence \346>, randomness=0x76ff587bc2f0 "\230\221\333d=\346\370b\005\205\311m*\256\006\376\032\226\031\310r9`X\bba\030u\350\354\237l\023\2379\200\300\020\021\023\276\0349\220\363aÒq\221\331r\327iJ\370\222\212n\211\305H\n\002\264\261\273\020\333\003I\025\005r\243C\\\206K|p\237\3115\251\370\201\216\214\034%\363\354|\265\301=7\nR\336g\220\236\372\227\210W\243>\231\r\030\254*?\253\266OG5*\321\310\373\321\030\022\367\274\270\260\243\234\363A\234\027!U\226\0310\304\020\200\214gS\006\313䰵\372\224\177X\023ih;8\224H\254\252\202T\ttG\222:\027\005doz\030:ID^\211\341\005'\262\037", <incomplete sequence \346>, ciphertext_out=0x76ff940198d0 ">\211%\242\254\377\001\224\337b(Go\370\020?\364IƢ\030\026\016\221y\264\252!T\205q\bm(\327ٟ\3570K\300\346\205\340\224\276%\247\320Q\370\336\352\350ſ(\220\201\351\234\032\337wp\367\026", shared_secret_out=0x76ff9400a9a0 "\243`\263\350\234\351\b\337\3418\026\035\327L\306=\265,\312ͥ+\006uÓ\036S6\215\0276") at cupqc_runtime.c:224
#6  0x000076ffc787353d in ossl_ml_kem_encap_rand () from /home/ubuntu/openssl-openssl-3.5.0/libcrypto.so.3
#7  0x000076ffc7a32480 in ml_kem_encapsulate () from /home/ubuntu/openssl-openssl-3.5.0/libcrypto.so.3
#8  0x00005e8f46335575 in gpu_worker (arg=0x7fff9f60d184) at benchmark_pqc.c:40
#9  0x000076ffc729caa4 in start_thread (arg=<optimized out>) at ./nptl/pthread_create.c:447
#10 0x000076ffc7329c6c in clone3 () at ../sysdeps/unix/sysv/linux/x86_64/clone3.S:78

Thread 1 (Thread 0x76ffc7c42000 (LWP 4732) "benchmark_pqc"):
#0  0x000076ffc7298d71 in __futex_abstimed_wait_common64 (private=128, cancel=true, abstime=0x0, op=265, expected=4750, futex_word=0x76ffb41482d0) at ./nptl/futex-internal.c:57
#1  __futex_abstimed_wait_common (cancel=true, private=128, abstime=0x0, clockid=0, expected=4750, futex_word=0x76ffb41482d0) at ./nptl/futex-internal.c:87
#2  __GI___futex_abstimed_wait_cancelable64 (futex_word=futex_word@entry=0x76ffb41482d0, expected=4750, clockid=clockid@entry=0, abstime=abstime@entry=0x0, private=private@entry=128) at ./nptl/futex-internal.c:139
#3  0x000076ffc729e7a3 in __pthread_clockjoin_ex (threadid=130840609980416, thread_return=0x0, clockid=0, abstime=0x0, block=<optimized out>) at ./nptl/pthread_join_common.c:102
#4  0x00005e8f463357a7 in main () at benchmark_pqc.c:82
Warning: 'set logging off', an alias for the command 'set logging enabled', is deprecated.
Use 'set logging enabled off'.

